-- FINAL DATABASE POPULATION - 100% ACCURATE FROM DOCX
-- Generated from perfectly parsed DOCX data

BEGIN;

INSERT INTO provinces (id, name, code) VALUES (1, 'Eastern Province', 'EAS');
INSERT INTO provinces (id, name, code) VALUES (2, 'Kigali City', 'KIG');
INSERT INTO provinces (id, name, code) VALUES (3, 'Northern Province', 'NOR');
INSERT INTO provinces (id, name, code) VALUES (4, 'Southern Province', 'SOU');
INSERT INTO provinces (id, name, code) VALUES (5, 'Western Province', 'WES');
INSERT INTO districts (id, name, code, province_id) VALUES (1, 'Bugesera', 'BUG', 1);
INSERT INTO districts (id, name, code, province_id) VALUES (2, 'Gatsibo', 'GAT', 1);
INSERT INTO districts (id, name, code, province_id) VALUES (3, 'Kayonza', 'KAY', 1);
INSERT INTO districts (id, name, code, province_id) VALUES (4, 'Kirehe', 'KIR', 1);
INSERT INTO districts (id, name, code, province_id) VALUES (5, 'Ngoma', 'NGO', 1);
INSERT INTO districts (id, name, code, province_id) VALUES (6, 'Nyagatare', 'NYA', 1);
INSERT INTO districts (id, name, code, province_id) VALUES (7, 'Rwamagana', 'RWA', 1);
INSERT INTO districts (id, name, code, province_id) VALUES (8, 'Gasabo', 'GAS', 2);
INSERT INTO districts (id, name, code, province_id) VALUES (9, 'Kicukiro', 'KIC', 2);
INSERT INTO districts (id, name, code, province_id) VALUES (10, 'Nyarugenge', 'NYA', 2);
INSERT INTO districts (id, name, code, province_id) VALUES (11, 'Burera', 'BUR', 3);
INSERT INTO districts (id, name, code, province_id) VALUES (12, 'Gakenke', 'GAK', 3);
INSERT INTO districts (id, name, code, province_id) VALUES (13, 'Gicumbi', 'GIC', 3);
INSERT INTO districts (id, name, code, province_id) VALUES (14, 'Musanze', 'MUS', 3);
INSERT INTO districts (id, name, code, province_id) VALUES (15, 'Rulindo', 'RUL', 3);
INSERT INTO districts (id, name, code, province_id) VALUES (16, 'Gisagara', 'GIS', 4);
INSERT INTO districts (id, name, code, province_id) VALUES (17, 'Huye', 'HUY', 4);
INSERT INTO districts (id, name, code, province_id) VALUES (18, 'Kamonyi', 'KAM', 4);
INSERT INTO districts (id, name, code, province_id) VALUES (19, 'Muhanga', 'MUH', 4);
INSERT INTO districts (id, name, code, province_id) VALUES (20, 'Nyamagabe', 'NYA', 4);
INSERT INTO districts (id, name, code, province_id) VALUES (21, 'Nyanza', 'NYA', 4);
INSERT INTO districts (id, name, code, province_id) VALUES (22, 'Nyaruguru', 'NYA', 4);
INSERT INTO districts (id, name, code, province_id) VALUES (23, 'Ruhango', 'RUH', 4);
INSERT INTO districts (id, name, code, province_id) VALUES (24, 'Karongi', 'KAR', 5);
INSERT INTO districts (id, name, code, province_id) VALUES (25, 'Ngororero', 'NGO', 5);
INSERT INTO districts (id, name, code, province_id) VALUES (26, 'Nyabihu', 'NYA', 5);
INSERT INTO districts (id, name, code, province_id) VALUES (27, 'Nyamasheke', 'NYA', 5);
INSERT INTO districts (id, name, code, province_id) VALUES (28, 'Rubavu', 'RUB', 5);
INSERT INTO districts (id, name, code, province_id) VALUES (29, 'Rusizi', 'RUS', 5);
INSERT INTO districts (id, name, code, province_id) VALUES (30, 'Rutsiro', 'RUT', 5);
INSERT INTO trades (id, name, code, category) VALUES (1, '. Building Construction', 'BUILDING_CONSTRUC', 'Construction');
INSERT INTO trades (id, name, code, category) VALUES (2, '. Culinary Arts', 'CULINARY_ARTS', 'Hospitality & Tourism');
INSERT INTO trades (id, name, code, category) VALUES (3, '. Domestic Electricity LI', 'DOMESTIC_ELECTRIC', 'Electrical & Electronics');
INSERT INTO trades (id, name, code, category) VALUES (4, '. Electrical Technology', 'ELECTRIC_TECHNOLO', 'Electrical & Electronics');
INSERT INTO trades (id, name, code, category) VALUES (5, '. Hair dressing LI', 'HAIR_DRESSING', 'General');
INSERT INTO trades (id, name, code, category) VALUES (6, '. Hairdressing', 'HAIRDRESSI', 'Beauty & Wellness');
INSERT INTO trades (id, name, code, category) VALUES (7, '. Hairdressing LI', 'HAIRDRES_LI', 'Beauty & Wellness');
INSERT INTO trades (id, name, code, category) VALUES (8, '. Software Development', 'SOFTWARE_DEVELOPM', 'ICT & Computing');
INSERT INTO trades (id, name, code, category) VALUES (9, '. Tailoring', 'TAILORING', 'Fashion & Textiles');
INSERT INTO trades (id, name, code, category) VALUES (10, '.Automobile Technology', 'AUTOMOBI_TECHNOLO', 'Automotive');
INSERT INTO trades (id, name, code, category) VALUES (11, '.Building Construction', 'BUILDING_CONSTRUC_1', 'Construction');
INSERT INTO trades (id, name, code, category) VALUES (12, '.Carpentry', 'CARPENTRY', 'Wood Work');
INSERT INTO trades (id, name, code, category) VALUES (13, '.Carpentry-L1 f N', 'CARPENTR_F', 'Wood Work');
INSERT INTO trades (id, name, code, category) VALUES (14, '.Computer System & Archtecture', 'COMPUTER_SYSTEM', 'ICT & Computing');
INSERT INTO trades (id, name, code, category) VALUES (15, '.Computer System and Architecture L3-5', 'COMPUTER_SYSTEM_1', 'ICT & Computing');
INSERT INTO trades (id, name, code, category) VALUES (16, '.Computer Sytem and Architecture', 'COMPUTER_SYTEM', 'ICT & Computing');
INSERT INTO trades (id, name, code, category) VALUES (17, '.Culinary Arts', 'CULINARY_ARTS_1', 'Hospitality & Tourism');
INSERT INTO trades (id, name, code, category) VALUES (18, '.Culnary Art', 'CULNARY_ART', 'General');
INSERT INTO trades (id, name, code, category) VALUES (19, '.Domestic PlumbingLI . t', 'DOMESTIC_PLUMBING', 'Construction');
INSERT INTO trades (id, name, code, category) VALUES (20, '.Fashion Design', 'FASHION_DESIGN', 'Fashion & Textiles');
INSERT INTO trades (id, name, code, category) VALUES (21, '.Food & Beverage Operations', 'FOOD_BEVERAGE', 'General');
INSERT INTO trades (id, name, code, category) VALUES (22, '.Food & Beverage operations', 'FOOD_BEVERAGE_1', 'General');
INSERT INTO trades (id, name, code, category) VALUES (23, '.Food Processing', 'FOOD_PROCESSI', 'Food Processing');
INSERT INTO trades (id, name, code, category) VALUES (24, '.Food and Beverage Operations', 'FOOD_AND', 'Hospitality & Tourism');
INSERT INTO trades (id, name, code, category) VALUES (25, '.Food and beverage operations', 'FOOD_AND_1', 'Hospitality & Tourism');
INSERT INTO trades (id, name, code, category) VALUES (26, '.Leather Technology', 'LEATHER_TECHNOLO', 'General');
INSERT INTO trades (id, name, code, category) VALUES (27, '.Leather Works', 'LEATHER_WORKS', 'General');
INSERT INTO trades (id, name, code, category) VALUES (28, '.Manufacturing Technology', 'MANUFACT_TECHNOLO', 'Manufacturing');
INSERT INTO trades (id, name, code, category) VALUES (29, '.Masonry LI', 'MASONRY_LI', 'Construction');
INSERT INTO trades (id, name, code, category) VALUES (30, '.Tailoring', 'TAILORING_1', 'Fashion & Textiles');
INSERT INTO trades (id, name, code, category) VALUES (31, '.Welding', 'WELDING', 'Metal Work');
INSERT INTO trades (id, name, code, category) VALUES (32, '.Welding LI', 'WELDING_LI', 'Metal Work');
INSERT INTO trades (id, name, code, category) VALUES (33, '.Welding-L1 v', 'WELDINGL_V', 'Metal Work');
INSERT INTO trades (id, name, code, category) VALUES (34, '.Wood Technology', 'WOOD_TECHNOLO', 'Wood Work');
INSERT INTO trades (id, name, code, category) VALUES (35, '1 .Agriculture', '1_AGRICULT', 'Agriculture');
INSERT INTO trades (id, name, code, category) VALUES (36, '1 .Carpentry L 1', '1_CARPENTR', 'Wood Work');
INSERT INTO trades (id, name, code, category) VALUES (37, '1 .Public Works', '1_PUBLIC', 'General');
INSERT INTO trades (id, name, code, category) VALUES (38, '1 Software Development', '1_SOFTWARE', 'ICT & Computing');
INSERT INTO trades (id, name, code, category) VALUES (39, '1 / . I', '1_I', 'General');
INSERT INTO trades (id, name, code, category) VALUES (40, '2 Agriculture', '2_AGRICULT', 'Agriculture');
INSERT INTO trades (id, name, code, category) VALUES (41, 'Agriculture', 'AGRICULTUR', 'Agriculture');
INSERT INTO trades (id, name, code, category) VALUES (42, 'Agriculture L3', 'AGRICULT_L3', 'Agriculture');
INSERT INTO trades (id, name, code, category) VALUES (43, 'Agriculuture', 'AGRICULUTU', 'Agriculture');
INSERT INTO trades (id, name, code, category) VALUES (44, 'Animal Health', 'ANIMAL_HEALTH', 'General');
INSERT INTO trades (id, name, code, category) VALUES (45, 'Animal health', 'ANIMAL_HEALTH_1', 'General');
INSERT INTO trades (id, name, code, category) VALUES (46, 'Architecture', 'ARCHITECTU', 'General');
INSERT INTO trades (id, name, code, category) VALUES (47, 'Automobile Technology', 'AUTOMOBI_TECHNOLO_1', 'Automotive');
INSERT INTO trades (id, name, code, category) VALUES (48, 'Automobile Technology L3-5', 'AUTOMOBI_TECHNOLO_2', 'Automotive');
INSERT INTO trades (id, name, code, category) VALUES (49, 'Automobile technology', 'AUTOMOBI_TECHNOLO_3', 'Automotive');
INSERT INTO trades (id, name, code, category) VALUES (50, 'Boarding and Day', 'BOARDING_AND', 'General');
INSERT INTO trades (id, name, code, category) VALUES (51, 'Building Construction', 'BUILDING_CONSTRUC_2', 'Construction');
INSERT INTO trades (id, name, code, category) VALUES (52, 'Building Construction L3-5 Oft', 'BUILDING_CONSTRUC_3', 'Construction');
INSERT INTO trades (id, name, code, category) VALUES (53, 'Building Technology', 'BUILDING_TECHNOLO', 'Construction');
INSERT INTO trades (id, name, code, category) VALUES (54, 'Building and Construction', 'BUILDING_AND', 'Construction');
INSERT INTO trades (id, name, code, category) VALUES (55, 'Building construction', 'BUILDING_CONSTRUC_4', 'Construction');
INSERT INTO trades (id, name, code, category) VALUES (56, 'Building construction 13-5', 'BUILDING_CONSTRUC_5', 'Construction');
INSERT INTO trades (id, name, code, category) VALUES (57, 'Building construction Tech', 'BUILDING_CONSTRUC_6', 'Construction');
INSERT INTO trades (id, name, code, category) VALUES (58, 'Carpentry', 'CARPENTRY_1', 'Wood Work');
INSERT INTO trades (id, name, code, category) VALUES (59, 'Computer Application', 'COMPUTER_APPLICAT', 'ICT & Computing');
INSERT INTO trades (id, name, code, category) VALUES (60, 'Computer System and Architecture', 'COMPUTER_SYSTEM_2', 'ICT & Computing');
INSERT INTO trades (id, name, code, category) VALUES (61, 'Computer Systems and', 'COMPUTER_SYSTEMS', 'ICT & Computing');
INSERT INTO trades (id, name, code, category) VALUES (62, 'Computer Systems and Architecture', 'COMPUTER_SYSTEMS_1', 'ICT & Computing');
INSERT INTO trades (id, name, code, category) VALUES (63, 'Computer Systems and Architecture L3-5, 5. Tailoring', 'COMPUTER_SYSTEMS_2', 'ICT & Computing');
INSERT INTO trades (id, name, code, category) VALUES (64, 'Computer system and Architecture', 'COMPUTER_SYSTEM_3', 'ICT & Computing');
INSERT INTO trades (id, name, code, category) VALUES (65, 'Computer system and architecture', 'COMPUTER_SYSTEM_4', 'ICT & Computing');
INSERT INTO trades (id, name, code, category) VALUES (66, 'Computer systems and architecture', 'COMPUTER_SYSTEMS_3', 'ICT & Computing');
INSERT INTO trades (id, name, code, category) VALUES (67, 'Culinary Art', 'CULINARY_ART', 'Hospitality & Tourism');
INSERT INTO trades (id, name, code, category) VALUES (68, 'Culinary Arts', 'CULINARY_ARTS_2', 'Hospitality & Tourism');
INSERT INTO trades (id, name, code, category) VALUES (69, 'Culinary arts', 'CULINARY_ARTS_3', 'Hospitality & Tourism');
INSERT INTO trades (id, name, code, category) VALUES (70, 'Domestic', 'DOMESTIC', 'General');
INSERT INTO trades (id, name, code, category) VALUES (71, 'Domestic Electricity', 'DOMESTIC_ELECTRIC_1', 'Electrical & Electronics');
INSERT INTO trades (id, name, code, category) VALUES (72, 'Domestic Electricity LI', 'DOMESTIC_ELECTRIC_2', 'Electrical & Electronics');
INSERT INTO trades (id, name, code, category) VALUES (73, 'Domestic electricity', 'DOMESTIC_ELECTRIC_3', 'Electrical & Electronics');
INSERT INTO trades (id, name, code, category) VALUES (74, 'Electrical Technology', 'ELECTRIC_TECHNOLO_1', 'Electrical & Electronics');
INSERT INTO trades (id, name, code, category) VALUES (75, 'Electrical Technology L3-5 /', 'ELECTRIC_TECHNOLO_2', 'Electrical & Electronics');
INSERT INTO trades (id, name, code, category) VALUES (76, 'Electrical technology', 'ELECTRIC_TECHNOLO_3', 'Electrical & Electronics');
INSERT INTO trades (id, name, code, category) VALUES (77, 'Electricity', 'ELECTRICIT', 'Electrical & Electronics');
INSERT INTO trades (id, name, code, category) VALUES (78, 'Electronic and', 'ELECTRON_AND', 'Electrical & Electronics');
INSERT INTO trades (id, name, code, category) VALUES (79, 'Electronic and telecommunication', 'ELECTRON_AND_1', 'Electrical & Electronics');
INSERT INTO trades (id, name, code, category) VALUES (80, 'Electronics and', 'ELECTRON_AND_2', 'Electrical & Electronics');
INSERT INTO trades (id, name, code, category) VALUES (81, 'Electronics and Telecommunication', 'ELECTRON_AND_3', 'Electrical & Electronics');
INSERT INTO trades (id, name, code, category) VALUES (82, 'Electronics and telecommunication', 'ELECTRON_AND_4', 'Electrical & Electronics');
INSERT INTO trades (id, name, code, category) VALUES (83, 'Fashion Design', 'FASHION_DESIGN_1', 'Fashion & Textiles');
INSERT INTO trades (id, name, code, category) VALUES (84, 'Fashion Design L3-5', 'FASHION_DESIGN_2', 'Fashion & Textiles');
INSERT INTO trades (id, name, code, category) VALUES (85, 'Fashion Design and', 'FASHION_DESIGN_3', 'Fashion & Textiles');
INSERT INTO trades (id, name, code, category) VALUES (86, 'Fashion Design and L3-5', 'FASHION_DESIGN_4', 'Fashion & Textiles');
INSERT INTO trades (id, name, code, category) VALUES (87, 'Fashion design', 'FASHION_DESIGN_5', 'Fashion & Textiles');
INSERT INTO trades (id, name, code, category) VALUES (88, 'Fashion design L3-5', 'FASHION_DESIGN_6', 'Fashion & Textiles');
INSERT INTO trades (id, name, code, category) VALUES (89, 'Fasion Design', 'FASION_DESIGN', 'General');
INSERT INTO trades (id, name, code, category) VALUES (90, 'Food & Beverage Operation', 'FOOD_BEVERAGE_2', 'General');
INSERT INTO trades (id, name, code, category) VALUES (91, 'Food & Beverage Operations', 'FOOD_BEVERAGE_3', 'General');
INSERT INTO trades (id, name, code, category) VALUES (92, 'Food And Beverage Operations', 'FOOD_AND_2', 'Hospitality & Tourism');
INSERT INTO trades (id, name, code, category) VALUES (93, 'Food Processing', 'FOOD_PROCESSI_1', 'Food Processing');
INSERT INTO trades (id, name, code, category) VALUES (94, 'Food and Beverage Operation', 'FOOD_AND_3', 'Hospitality & Tourism');
INSERT INTO trades (id, name, code, category) VALUES (95, 'Food and Beverage Operations', 'FOOD_AND_4', 'Hospitality & Tourism');
INSERT INTO trades (id, name, code, category) VALUES (96, 'Food and Beverage operations', 'FOOD_AND_5', 'Hospitality & Tourism');
INSERT INTO trades (id, name, code, category) VALUES (97, 'Food and beverage operations L3-5', 'FOOD_AND_6', 'Hospitality & Tourism');
INSERT INTO trades (id, name, code, category) VALUES (98, 'Forestry', 'FORESTRY', 'General');
INSERT INTO trades (id, name, code, category) VALUES (99, 'GO AIDED', 'GO_AIDED', 'General');
INSERT INTO trades (id, name, code, category) VALUES (100, 'Gov Aided', 'GOV_AIDED', 'General');
INSERT INTO trades (id, name, code, category) VALUES (101, 'Gov aided', 'GOV_AIDED_1', 'General');
INSERT INTO trades (id, name, code, category) VALUES (102, 'Government- aided', 'GOVERNME_AIDED', 'General');
INSERT INTO trades (id, name, code, category) VALUES (103, 'Hair Dressing', 'HAIR_DRESSING_1', 'General');
INSERT INTO trades (id, name, code, category) VALUES (104, 'Hair dressing', 'HAIR_DRESSING_2', 'General');
INSERT INTO trades (id, name, code, category) VALUES (105, 'Hairdressing', 'HAIRDRESSI_1', 'Beauty & Wellness');
INSERT INTO trades (id, name, code, category) VALUES (106, 'Hairdressing LI', 'HAIRDRES_LI_1', 'Beauty & Wellness');
INSERT INTO trades (id, name, code, category) VALUES (107, 'Interior design', 'INTERIOR_DESIGN', 'General');
INSERT INTO trades (id, name, code, category) VALUES (108, 'Land Surveying', 'LAND_SURVEYIN', 'Surveying');
INSERT INTO trades (id, name, code, category) VALUES (109, 'Land surveying', 'LAND_SURVEYIN_1', 'Surveying');
INSERT INTO trades (id, name, code, category) VALUES (110, 'Leather Technology', 'LEATHER_TECHNOLO_1', 'General');
INSERT INTO trades (id, name, code, category) VALUES (111, 'Leather Works', 'LEATHER_WORKS_1', 'General');
INSERT INTO trades (id, name, code, category) VALUES (112, 'Leather works', 'LEATHER_WORKS_2', 'General');
INSERT INTO trades (id, name, code, category) VALUES (113, 'Leather works L1', 'LEATHER_WORKS_3', 'General');
INSERT INTO trades (id, name, code, category) VALUES (114, 'Manufacturing Technology', 'MANUFACT_TECHNOLO_1', 'Manufacturing');
INSERT INTO trades (id, name, code, category) VALUES (115, 'Manufacturing Technology L3-5', 'MANUFACT_TECHNOLO_2', 'Manufacturing');
INSERT INTO trades (id, name, code, category) VALUES (116, 'Manufacturing technology', 'MANUFACT_TECHNOLO_3', 'Manufacturing');
INSERT INTO trades (id, name, code, category) VALUES (117, 'Masonry', 'MASONRY', 'Construction');
INSERT INTO trades (id, name, code, category) VALUES (118, 'Masonry LI', 'MASONRY_LI_1', 'Construction');
INSERT INTO trades (id, name, code, category) VALUES (119, 'Mixed (Day and boarding) (Day and Boarding', 'MIXED_DAY', 'General');
INSERT INTO trades (id, name, code, category) VALUES (120, 'Mixed (Day and boarding) (Day& Boarding', 'MIXED_DAY_1', 'General');
INSERT INTO trades (id, name, code, category) VALUES (121, 'Multimedia Production', 'MULTIMED_PRODUCTI', 'General');
INSERT INTO trades (id, name, code, category) VALUES (122, 'Networking and Internet', 'NETWORKI_AND', 'ICT & Computing');
INSERT INTO trades (id, name, code, category) VALUES (123, 'Networking and Internet Technologies', 'NETWORKI_AND_1', 'ICT & Computing');
INSERT INTO trades (id, name, code, category) VALUES (124, 'Networking and Internet Technology', 'NETWORKI_AND_2', 'ICT & Computing');
INSERT INTO trades (id, name, code, category) VALUES (125, 'Networking and Internet technologies', 'NETWORKI_AND_3', 'ICT & Computing');
INSERT INTO trades (id, name, code, category) VALUES (126, 'Networking and Internet technology', 'NETWORKI_AND_4', 'ICT & Computing');
INSERT INTO trades (id, name, code, category) VALUES (127, 'Networking and internet technology', 'NETWORKI_AND_5', 'ICT & Computing');
INSERT INTO trades (id, name, code, category) VALUES (128, 'Nohe', 'NOHE', 'General');
INSERT INTO trades (id, name, code, category) VALUES (129, 'Non', 'NON', 'General');
INSERT INTO trades (id, name, code, category) VALUES (130, 'Nono', 'NONO', 'General');
INSERT INTO trades (id, name, code, category) VALUES (131, 'Plumbing', 'PLUMBING', 'Construction');
INSERT INTO trades (id, name, code, category) VALUES (132, 'Plumbing Technology', 'PLUMBING_TECHNOLO', 'Construction');
INSERT INTO trades (id, name, code, category) VALUES (133, 'Plumbing Technology L3', 'PLUMBING_TECHNOLO_1', 'Construction');
INSERT INTO trades (id, name, code, category) VALUES (134, 'Public Works', 'PUBLIC_WORKS', 'General');
INSERT INTO trades (id, name, code, category) VALUES (135, 'Public works', 'PUBLIC_WORKS_1', 'General');
INSERT INTO trades (id, name, code, category) VALUES (136, 'Renewable energy', 'RENEWABL_ENERGY', 'General');
INSERT INTO trades (id, name, code, category) VALUES (137, 'Software Development', 'SOFTWARE_DEVELOPM_1', 'ICT & Computing');
INSERT INTO trades (id, name, code, category) VALUES (138, 'Software Development L3', 'SOFTWARE_DEVELOPM_2', 'ICT & Computing');
INSERT INTO trades (id, name, code, category) VALUES (139, 'Software development', 'SOFTWARE_DEVELOPM_3', 'ICT & Computing');
INSERT INTO trades (id, name, code, category) VALUES (140, 'Tailoring', 'TAILORING_2', 'Fashion & Textiles');
INSERT INTO trades (id, name, code, category) VALUES (141, 'Tailoring LI', 'TAILORIN_LI', 'Fashion & Textiles');
INSERT INTO trades (id, name, code, category) VALUES (142, 'Technology L3-5 r', 'TECHNOLO_L35', 'General');
INSERT INTO trades (id, name, code, category) VALUES (143, 'Telecommunication', 'TELECOMMUN', 'Electrical & Electronics');
INSERT INTO trades (id, name, code, category) VALUES (144, 'Tourism', 'TOURISM', 'Hospitality & Tourism');
INSERT INTO trades (id, name, code, category) VALUES (145, 'Tourism L3', 'TOURISM_L3', 'Hospitality & Tourism');
INSERT INTO trades (id, name, code, category) VALUES (146, 'Water and Irrigation', 'WATER_AND', 'General');
INSERT INTO trades (id, name, code, category) VALUES (147, 'Water and Irrigation Technology', 'WATER_AND_1', 'General');
INSERT INTO trades (id, name, code, category) VALUES (148, 'Welding', 'WELDING_1', 'Metal Work');
INSERT INTO trades (id, name, code, category) VALUES (149, 'Wood Technology', 'WOOD_TECHNOLO_1', 'Wood Work');
INSERT INTO trades (id, name, code, category) VALUES (150, 'Wood Technology and Carpentry', 'WOOD_TECHNOLO_2', 'Wood Work');
INSERT INTO trades (id, name, code, category) VALUES (151, 'Wood technology', 'WOOD_TECHNOLO_3', 'Wood Work');
INSERT INTO trades (id, name, code, category) VALUES (152, 'Woog technology L3 -5', 'WOOG_TECHNOLO', 'General');
INSERT INTO trades (id, name, code, category) VALUES (153, 'A', 'A', 'General');
INSERT INTO trades (id, name, code, category) VALUES (154, 'f / / it A Y', 'F_IT', 'General');
INSERT INTO trades (id, name, code, category) VALUES (155, 'f 1', 'F_1', 'General');
INSERT INTO schools (id, name, code, district_id, school_type, is_active) VALUES (1, 'GASORE SERGE FOUNDATION VTC', 'GSF', 1, 'VTC', true);
INSERT INTO schools (id, name, code, district_id, school_type, is_active) VALUES (2, 'ES GAHUNGA TSS', 'EGT', 11, 'TSS', true);
INSERT INTO schools (id, name, code, district_id, school_type, is_active) VALUES (3, 'GAKENKE', 'G', 12, 'TSS', true);
INSERT INTO schools (id, name, code, district_id, school_type, is_active) VALUES (4, 'College Baptiste de Ngarama (COBANGA)', 'CBD', 2, 'TSS', true);
INSERT INTO schools (id, name, code, district_id, school_type, is_active) VALUES (5, 'KIBALI VTC', 'KV', 13, 'VTC', true);
INSERT INTO schools (id, name, code, district_id, school_type, is_active) VALUES (6, 'GISAGARA', 'G1', 16, 'TSS', true);
INSERT INTO schools (id, name, code, district_id, school_type, is_active) VALUES (7, 'KAYONZA TSS', 'KT', 3, 'TSS', true);
INSERT INTO schools (id, name, code, district_id, school_type, is_active) VALUES (8, 'DON BOSCO RANGO TSS', 'DBR', 17, 'TSS', true);
INSERT INTO schools (id, name, code, district_id, school_type, is_active) VALUES (9, 'GS AYABARAYA TSS', 'GAT', 9, 'TSS', true);
INSERT INTO schools (id, name, code, district_id, school_type, is_active) VALUES (10, 'NELSON MANDELA TSS', 'NMT', 1, 'TSS', true);
INSERT INTO schools (id, name, code, district_id, school_type, is_active) VALUES (11, 'CEPEM TSS', 'CT', 11, 'TSS', true);
INSERT INTO schools (id, name, code, district_id, school_type, is_active) VALUES (12, 'SAINT BERNARD VTC', 'SBV', 18, 'VTC', true);
INSERT INTO schools (id, name, code, district_id, school_type, is_active) VALUES (13, 'BENEBIKIRA TSS', 'BT', 2, 'TSS', true);
INSERT INTO schools (id, name, code, district_id, school_type, is_active) VALUES (14, 'GICUMBI TSS', 'GT', 13, 'TSS', true);
INSERT INTO schools (id, name, code, district_id, school_type, is_active) VALUES (15, 'GISAGARA', 'G2', 16, 'TSS', true);
INSERT INTO schools (id, name, code, district_id, school_type, is_active) VALUES (16, 'Mukarange VTC', 'MV', 3, 'VTC', true);
INSERT INTO schools (id, name, code, district_id, school_type, is_active) VALUES (17, 'G S des Parents TSS', 'GSD', 17, 'TSS', true);
INSERT INTO schools (id, name, code, district_id, school_type, is_active) VALUES (18, 'ST. EMMANUEL COMPLEX SCHOOL MASAKA TSS', 'SEC', 9, 'TSS', true);
INSERT INTO schools (id, name, code, district_id, school_type, is_active) VALUES (19, 'LYCEE DE LA SAINTE TRINITE- APED TSS', 'LDL', 1, 'TSS', true);
INSERT INTO schools (id, name, code, district_id, school_type, is_active) VALUES (20, 'GS Bungwe TSS', 'GBT', 11, 'TSS', true);
INSERT INTO schools (id, name, code, district_id, school_type, is_active) VALUES (21, 'KIGESE TSS', 'KT1', 18, 'TSS', true);
INSERT INTO schools (id, name, code, district_id, school_type, is_active) VALUES (22, 'EFA NYAGAHANGA TSS', 'ENT', 2, 'TSS', true);
INSERT INTO schools (id, name, code, district_id, school_type, is_active) VALUES (23, 'EFA NYAGAHANGA TSS', 'ENT1', 2, 'TSS', true);
INSERT INTO schools (id, name, code, district_id, school_type, is_active) VALUES (24, 'RUSHAKI VTC', 'RV', 13, 'VTC', true);
INSERT INTO schools (id, name, code, district_id, school_type, is_active) VALUES (25, 'KIGEMBE TSS', 'KT2', 16, 'TSS', true);
INSERT INTO schools (id, name, code, district_id, school_type, is_active) VALUES (26, 'IPRC KARONGI TSS', 'IKT', 24, 'TSS', true);
INSERT INTO schools (id, name, code, district_id, school_type, is_active) VALUES (27, 'SOS HERMANN GMEINER KAYONZA SCHOOL', 'SHG', 3, 'VTC', true);
INSERT INTO schools (id, name, code, district_id, school_type, is_active) VALUES (28, 'GS NYUMBA TSS', 'GNT', 17, 'TSS', true);
INSERT INTO schools (id, name, code, district_id, school_type, is_active) VALUES (29, 'ERM HOPE VTC', 'EHV', 9, 'VTC', true);
INSERT INTO schools (id, name, code, district_id, school_type, is_active) VALUES (30, 'RUHUHA VTC', 'RV1', 1, 'VTC', true);
INSERT INTO schools (id, name, code, district_id, school_type, is_active) VALUES (31, 'MURWA TSS', 'MT', 11, 'TSS', true);
INSERT INTO schools (id, name, code, district_id, school_type, is_active) VALUES (32, 'JANJA TSS', 'JT', 12, 'TSS', true);
INSERT INTO schools (id, name, code, district_id, school_type, is_active) VALUES (33, 'FOREVER TSS', 'FT', 8, 'TSS', true);
INSERT INTO schools (id, name, code, district_id, school_type, is_active) VALUES (34, 'RUNDA TSS', 'RT', 18, 'TSS', true);
INSERT INTO schools (id, name, code, district_id, school_type, is_active) VALUES (35, 'GAKONI TSS', 'GT1', 2, 'TSS', true);
INSERT INTO schools (id, name, code, district_id, school_type, is_active) VALUES (36, 'MULINDI TSS', 'MT1', 13, 'TSS', true);
INSERT INTO schools (id, name, code, district_id, school_type, is_active) VALUES (37, 'GS KINTEKO', 'GK', 16, 'TSS', true);
INSERT INTO schools (id, name, code, district_id, school_type, is_active) VALUES (38, 'LESPERANCE TSS', 'LT', 24, 'TSS', true);
INSERT INTO schools (id, name, code, district_id, school_type, is_active) VALUES (39, 'SACO A COMPLEX', 'SAC', 3, 'VTC', true);
INSERT INTO schools (id, name, code, district_id, school_type, is_active) VALUES (40, 'GS RUGOGWE TSS', 'GRT', 17, 'TSS', true);
INSERT INTO schools (id, name, code, district_id, school_type, is_active) VALUES (41, 'ESSA NYARUGUNGA', 'EN', 9, 'TSS', true);
INSERT INTO schools (id, name, code, district_id, school_type, is_active) VALUES (42, 'GS RUTONDE/TSS', 'GR', 1, 'TSS', true);
INSERT INTO schools (id, name, code, district_id, school_type, is_active) VALUES (43, 'Runaba VTC', 'RV2', 11, 'VTC', true);
INSERT INTO schools (id, name, code, district_id, school_type, is_active) VALUES (44, 'ES BUHUGA TSS', 'EBT', 12, 'TSS', true);
INSERT INTO schools (id, name, code, district_id, school_type, is_active) VALUES (45, 'Centre de Formation Saint Leonard VTC', 'CDF', 18, 'VTC', true);
INSERT INTO schools (id, name, code, district_id, school_type, is_active) VALUES (46, 'GATSIBO COMMUNITY MODEL SCHOOL TSS', 'GCM', 2, 'TSS', true);
INSERT INTO schools (id, name, code, district_id, school_type, is_active) VALUES (47, 'GS MANYAGIRO TSS', 'GMT', 13, 'TSS', true);
INSERT INTO schools (id, name, code, district_id, school_type, is_active) VALUES (48, 'COLLEGE ST JOSEPH KANSI', 'CSJ', 16, 'TSS', true);
INSERT INTO schools (id, name, code, district_id, school_type, is_active) VALUES (49, 'ESAPAN TSS', 'ET', 24, 'TSS', true);
INSERT INTO schools (id, name, code, district_id, school_type, is_active) VALUES (50, 'AMIZERO INSTITUTE OF TECHNOLOGY & HOSPITALITY.', 'AIO', 3, 'TSS', true);
INSERT INTO schools (id, name, code, district_id, school_type, is_active) VALUES (51, 'IPRC HUYE', 'IH', 17, 'TSS', true);
INSERT INTO schools (id, name, code, district_id, school_type, is_active) VALUES (52, 'CERFORMIVTV', 'C', 9, 'VTC', true);
INSERT INTO schools (id, name, code, district_id, school_type, is_active) VALUES (53, 'NDAMA TSS', 'NT', 1, 'TSS', true);
INSERT INTO schools (id, name, code, district_id, school_type, is_active) VALUES (54, 'Kabona TSS', 'KT3', 11, 'TSS', true);
INSERT INTO schools (id, name, code, district_id, school_type, is_active) VALUES (55, 'EAV RUSHASHI TSS', 'ERT', 12, 'TSS', true);
INSERT INTO schools (id, name, code, district_id, school_type, is_active) VALUES (56, 'KAYENZI TSS', 'KT4', 18, 'TSS', true);
INSERT INTO schools (id, name, code, district_id, school_type, is_active) VALUES (57, 'GSR UBA YA TSS', 'GUY', 13, 'TSS', true);
INSERT INTO schools (id, name, code, district_id, school_type, is_active) VALUES (58, 'MUGOMBWA TSS', 'MT2', 16, 'TSS', true);
INSERT INTO schools (id, name, code, district_id, school_type, is_active) VALUES (59, 'GS CYINAMA TSS', 'GCT', 24, 'TSS', true);
INSERT INTO schools (id, name, code, district_id, school_type, is_active) VALUES (60, 'GS RUKARA TSS', 'GRT1', 3, 'TSS', true);
INSERT INTO schools (id, name, code, district_id, school_type, is_active) VALUES (61, 'MARABA TSS', 'MT3', 17, 'TSS', true);
INSERT INTO schools (id, name, code, district_id, school_type, is_active) VALUES (62, 'UMUSHUMBAMWIZA VTC', 'UV', 9, 'VTC', true);
INSERT INTO schools (id, name, code, district_id, school_type, is_active) VALUES (63, 'EPR NYAMIRAMA VTC', 'ENV', 1, 'VTC', true);
INSERT INTO schools (id, name, code, district_id, school_type, is_active) VALUES (64, 'COLLEGE GEORGE FOX DE BUTARO', 'CGF', 11, 'TSS', true);
INSERT INTO schools (id, name, code, district_id, school_type, is_active) VALUES (65, 'GS RWAHI TSS', 'GRT2', 12, 'TSS', true);
INSERT INTO schools (id, name, code, district_id, school_type, is_active) VALUES (66, 'ES MUSAMBIRA TSS', 'EMT', 18, 'TSS', true);
INSERT INTO schools (id, name, code, district_id, school_type, is_active) VALUES (67, 'GITUZA TSS', 'GT2', 2, 'TSS', true);
INSERT INTO schools (id, name, code, district_id, school_type, is_active) VALUES (68, 'MUKARANGE TSS', 'MT4', 13, 'TSS', true);
INSERT INTO schools (id, name, code, district_id, school_type, is_active) VALUES (69, 'ES MAMBA', 'EM', 16, 'TSS', true);
INSERT INTO schools (id, name, code, district_id, school_type, is_active) VALUES (70, 'GS MANJI TSS', 'GMT1', 24, 'TSS', true);
INSERT INTO schools (id, name, code, district_id, school_type, is_active) VALUES (71, 'GS BUHABWA TSS', 'GBT1', 3, 'TSS', true);
INSERT INTO schools (id, name, code, district_id, school_type, is_active) VALUES (72, 'MSGR.Mubiligi Catholic TSS', 'MCT', 17, 'TSS', true);
INSERT INTO schools (id, name, code, district_id, school_type, is_active) VALUES (73, 'SKIM VTC', 'SV', 9, 'VTC', true);
INSERT INTO schools (id, name, code, district_id, school_type, is_active) VALUES (74, 'GS GIHINGA/TSS', 'GG', 1, 'TSS', true);
INSERT INTO schools (id, name, code, district_id, school_type, is_active) VALUES (75, 'GS Gaseke TSS', 'GGT', 11, 'TSS', true);
INSERT INTO schools (id, name, code, district_id, school_type, is_active) VALUES (76, 'GS MUNYANA TSS', 'GMT2', 12, 'TSS', true);
INSERT INTO schools (id, name, code, district_id, school_type, is_active) VALUES (77, 'SOS TSS', 'ST', 8, 'TSS', true);
INSERT INTO schools (id, name, code, district_id, school_type, is_active) VALUES (78, 'SAINT ANNE MUGINA TSS&VTC', 'SAM', 18, 'TSS', true);
INSERT INTO schools (id, name, code, district_id, school_type, is_active) VALUES (79, 'GS BUGARURA TSS', 'GBT2', 2, 'TSS', true);
INSERT INTO schools (id, name, code, district_id, school_type, is_active) VALUES (80, 'GS NYABISHAMBI TSS', 'GNT1', 13, 'TSS', true);
INSERT INTO schools (id, name, code, district_id, school_type, is_active) VALUES (81, 'ST KIZITO SAVE TSS', 'SKS', 16, 'TSS', true);
INSERT INTO schools (id, name, code, district_id, school_type, is_active) VALUES (82, 'GS GISOVU TSS', 'GGT1', 24, 'TSS', true);
INSERT INTO schools (id, name, code, district_id, school_type, is_active) VALUES (83, 'GS JURUTSS', 'GJ', 3, 'TSS', true);
INSERT INTO schools (id, name, code, district_id, school_type, is_active) VALUES (84, 'Rwabuye TSS', 'RT1', 17, 'TSS', true);
INSERT INTO schools (id, name, code, district_id, school_type, is_active) VALUES (85, 'SAMUDUHA INTEGRATED COLLEGE', 'SIC', 9, 'TSS', true);
INSERT INTO schools (id, name, code, district_id, school_type, is_active) VALUES (86, 'GS KAMABARE/TSS', 'GK1', 1, 'TSS', true);
INSERT INTO schools (id, name, code, district_id, school_type, is_active) VALUES (87, 'GS Rushara TSS', 'GRT3', 11, 'TSS', true);
INSERT INTO schools (id, name, code, district_id, school_type, is_active) VALUES (88, 'RUSHASHI TSS', 'RT2', 12, 'TSS', true);
INSERT INTO schools (id, name, code, district_id, school_type, is_active) VALUES (89, 'KETHA/KIGALI EXCELLENT TOURISM AND HOSPITALITY ACADEMY', 'KET', 8, 'TSS', true);
INSERT INTO schools (id, name, code, district_id, school_type, is_active) VALUES (90, 'SAINT IGNACE _MUGINA TSS', 'SI_', 18, 'TSS', true);
INSERT INTO schools (id, name, code, district_id, school_type, is_active) VALUES (91, 'GSGIHETA TSS', 'GT3', 2, 'TSS', true);
INSERT INTO schools (id, name, code, district_id, school_type, is_active) VALUES (92, 'Centre des Jeunes CHAINA KEITETSI VTC', 'CDJ', 13, 'VTC', true);
INSERT INTO schools (id, name, code, district_id, school_type, is_active) VALUES (93, 'GS NYAGAHURU 2 TSS', 'GN2', 16, 'TSS', true);
INSERT INTO schools (id, name, code, district_id, school_type, is_active) VALUES (94, 'GS BISESERO TSS', 'GBT3', 24, 'TSS', true);
INSERT INTO schools (id, name, code, district_id, school_type, is_active) VALUES (95, 'INSTITUT DON BOSCO KABARONDO TSS', 'IDB', 3, 'TSS', true);
INSERT INTO schools (id, name, code, district_id, school_type, is_active) VALUES (96, 'KABUTARE TSS', 'KT5', 17, 'TSS', true);
INSERT INTO schools (id, name, code, district_id, school_type, is_active) VALUES (97, 'SAINT PHILLIPPE TSS', 'SPT', 9, 'TSS', true);
INSERT INTO schools (id, name, code, district_id, school_type, is_active) VALUES (98, 'NYAMATA TSS', 'NT1', 1, 'TSS', true);
INSERT INTO schools (id, name, code, district_id, school_type, is_active) VALUES (99, 'GS Mucaca TSS', 'GMT3', 11, 'TSS', true);
INSERT INTO schools (id, name, code, district_id, school_type, is_active) VALUES (100, 'CYABINGO TSS', 'CT1', 12, 'TSS', true);
INSERT INTO schools (id, name, code, district_id, school_type, is_active) VALUES (101, 'WORLD MISSION TSS', 'WMT', 8, 'TSS', true);
INSERT INTO schools (id, name, code, district_id, school_type, is_active) VALUES (102, 'CPJSP VTC', 'CV', 18, 'VTC', true);
INSERT INTO schools (id, name, code, district_id, school_type, is_active) VALUES (103, 'GS KARUBUNGO TSS', 'GKT', 2, 'TSS', true);
INSERT INTO schools (id, name, code, district_id, school_type, is_active) VALUES (104, 'GS KINISHYA TSS', 'GKT1', 13, 'TSS', true);
INSERT INTO schools (id, name, code, district_id, school_type, is_active) VALUES (105, 'NOTRE DAME DE BONNE ESPERANCE GISAGARA VTC', 'NDD', 16, 'VTC', true);
INSERT INTO schools (id, name, code, district_id, school_type, is_active) VALUES (106, 'ESA BIRAMBO', 'EB', 24, 'TSS', true);
INSERT INTO schools (id, name, code, district_id, school_type, is_active) VALUES (107, 'KABARONDO VTC', 'KV1', 3, 'VTC', true);
INSERT INTO schools (id, name, code, district_id, school_type, is_active) VALUES (108, 'GSGISHIHETSS', 'G3', 17, 'TSS', true);
INSERT INTO schools (id, name, code, district_id, school_type, is_active) VALUES (109, 'UMUHOZA VTC', 'UV1', 9, 'VTC', true);
INSERT INTO schools (id, name, code, district_id, school_type, is_active) VALUES (110, 'NIBAKURE COMMUNITY VILLAGE VTC', 'NCV', 1, 'VTC', true);
INSERT INTO schools (id, name, code, district_id, school_type, is_active) VALUES (111, 'NEMBA TSS', 'NT2', 12, 'TSS', true);
INSERT INTO schools (id, name, code, district_id, school_type, is_active) VALUES (112, 'GS RUGANDO TSS', 'GRT4', 8, 'TSS', true);
INSERT INTO schools (id, name, code, district_id, school_type, is_active) VALUES (113, 'GS Kayumbu TSS', 'GKT2', 18, 'TSS', true);
INSERT INTO schools (id, name, code, district_id, school_type, is_active) VALUES (114, 'GS KIZIGURO TSS', 'GKT3', 2, 'TSS', true);
INSERT INTO schools (id, name, code, district_id, school_type, is_active) VALUES (115, 'Collegio Santo Antonio Maria Zaccaria TSS', 'CSA', 13, 'TSS', true);
INSERT INTO schools (id, name, code, district_id, school_type, is_active) VALUES (116, 'ES MAGI TSS', 'EMT1', 16, 'TSS', true);
INSERT INTO schools (id, name, code, district_id, school_type, is_active) VALUES (117, 'ES RUGANDA', 'ER', 24, 'TSS', true);
INSERT INTO schools (id, name, code, district_id, school_type, is_active) VALUES (118, 'ES RURAMIRA TSS', 'ERT1', 3, 'TSS', true);
INSERT INTO schools (id, name, code, district_id, school_type, is_active) VALUES (119, 'GS KARAMA TSS', 'GKT4', 17, 'TSS', true);
INSERT INTO schools (id, name, code, district_id, school_type, is_active) VALUES (120, 'GARUKA VTC', 'GV', 9, 'VTC', true);
INSERT INTO schools (id, name, code, district_id, school_type, is_active) VALUES (121, 'ES JURU TSS', 'EJT', 1, 'TSS', true);
INSERT INTO schools (id, name, code, district_id, school_type, is_active) VALUES (122, 'GS Gitare II TSS', 'GGI', 11, 'TSS', true);
INSERT INTO schools (id, name, code, district_id, school_type, is_active) VALUES (123, 'GS APAPEM MUHONDO TSS', 'GAM', 12, 'TSS', true);
INSERT INTO schools (id, name, code, district_id, school_type, is_active) VALUES (124, 'APAER RUSORORO', 'AR', 8, 'TSS', true);
INSERT INTO schools (id, name, code, district_id, school_type, is_active) VALUES (125, 'GS Ruyanza TSS', 'GRT5', 18, 'TSS', true);
INSERT INTO schools (id, name, code, district_id, school_type, is_active) VALUES (126, 'GS NYAGASIGA TSS', 'GNT2', 2, 'TSS', true);
INSERT INTO schools (id, name, code, district_id, school_type, is_active) VALUES (127, 'GS REBERO TSS', 'GRT6', 13, 'TSS', true);
INSERT INTO schools (id, name, code, district_id, school_type, is_active) VALUES (128, 'ES MUGANZA TSS', 'EMT2', 16, 'TSS', true);
INSERT INTO schools (id, name, code, district_id, school_type, is_active) VALUES (129, 'IPK KIRINDA', 'IK', 24, 'TSS', true);
INSERT INTO schools (id, name, code, district_id, school_type, is_active) VALUES (130, 'COLLEGE APPEKA KABARONDO TSS', 'CAK', 3, 'TSS', true);
INSERT INTO schools (id, name, code, district_id, school_type, is_active) VALUES (131, 'HUYE PRISON VTC', 'HPV', 17, 'VTC', true);
INSERT INTO schools (id, name, code, district_id, school_type, is_active) VALUES (132, 'INTANGO TSS', 'IT', 9, 'TSS', true);
INSERT INTO schools (id, name, code, district_id, school_type, is_active) VALUES (133, 'GS KAGASA MWOGO/TSS', 'GKM', 1, 'TSS', true);
INSERT INTO schools (id, name, code, district_id, school_type, is_active) VALUES (134, 'LYCEE CATHOLIC SAINT ALAIN DE MATABA', 'LCS', 12, 'TSS', true);
INSERT INTO schools (id, name, code, district_id, school_type, is_active) VALUES (135, 'KABERA VTC', 'KV2', 8, 'VTC', true);
INSERT INTO schools (id, name, code, district_id, school_type, is_active) VALUES (136, 'GS RUYUMBA TSS', 'GRT7', 18, 'TSS', true);
INSERT INTO schools (id, name, code, district_id, school_type, is_active) VALUES (137, 'GS RWIMITERERI TSS', 'GRT8', 2, 'TSS', true);
INSERT INTO schools (id, name, code, district_id, school_type, is_active) VALUES (138, 'ESIM TSS', 'ET1', 2, 'TSS', true);
INSERT INTO schools (id, name, code, district_id, school_type, is_active) VALUES (139, 'BUKURETSS', 'B', 13, 'TSS', true);
INSERT INTO schools (id, name, code, district_id, school_type, is_active) VALUES (140, 'EUGENIE SMET TSS', 'EST', 16, 'TSS', true);
INSERT INTO schools (id, name, code, district_id, school_type, is_active) VALUES (141, 'MUNANIRA TSS', 'MT5', 24, 'TSS', true);
INSERT INTO schools (id, name, code, district_id, school_type, is_active) VALUES (142, 'GS Migera TSS', 'GMT4', 3, 'TSS', true);
INSERT INTO schools (id, name, code, district_id, school_type, is_active) VALUES (143, 'Centre Culturel et Manuel Maria Rafaela TVET School', 'CCE', 17, 'VTC', true);
INSERT INTO schools (id, name, code, district_id, school_type, is_active) VALUES (144, 'IHUMURETSS', 'I', 9, 'VTC', true);
INSERT INTO schools (id, name, code, district_id, school_type, is_active) VALUES (145, 'GS RILIMA CATHOLIQUE/TSS', 'GRC', 1, 'TSS', true);
INSERT INTO schools (id, name, code, district_id, school_type, is_active) VALUES (146, 'Kinyababa TSS', 'KT6', 11, 'TSS', true);
INSERT INTO schools (id, name, code, district_id, school_type, is_active) VALUES (147, 'C.F.P MUSEKE VTC', 'CMV', 12, 'VTC', true);
INSERT INTO schools (id, name, code, district_id, school_type, is_active) VALUES (148, 'INTERNATIONAL TECHNICAL SCHOOL OF KIGALI (ITS)', 'ITS', 8, 'TSS', true);
INSERT INTO schools (id, name, code, district_id, school_type, is_active) VALUES (149, 'Fr. Ramon KABUGA TSS', 'FRK', 18, 'TSS', true);
INSERT INTO schools (id, name, code, district_id, school_type, is_active) VALUES (150, 'LYCEE ST ALEXANDRE SAULI DE MUHURATSS', 'LSA', 2, 'TSS', true);
INSERT INTO schools (id, name, code, district_id, school_type, is_active) VALUES (151, 'Good Shepherd VTC', 'GSV', 13, 'VTC', true);
INSERT INTO schools (id, name, code, district_id, school_type, is_active) VALUES (152, 'RUBENGERA TSS', 'RT3', 24, 'TSS', true);
INSERT INTO schools (id, name, code, district_id, school_type, is_active) VALUES (153, 'Nyamirama TSS', 'NT3', 3, 'TSS', true);
INSERT INTO schools (id, name, code, district_id, school_type, is_active) VALUES (154, 'MUBUMBANO VTC', 'MV1', 17, 'VTC', true);
INSERT INTO schools (id, name, code, district_id, school_type, is_active) VALUES (155, 'COLLEGE GEORGE FOX DE KAGARAMA', 'CGF1', 9, 'TSS', true);
INSERT INTO schools (id, name, code, district_id, school_type, is_active) VALUES (156, 'GITAGATA REHABILITATION CENTER VTC', 'GRC1', 1, 'VTC', true);
INSERT INTO schools (id, name, code, district_id, school_type, is_active) VALUES (157, 'JOC MUHONDO VTC', 'JMV', 12, 'VTC', true);
INSERT INTO schools (id, name, code, district_id, school_type, is_active) VALUES (158, 'GS RUTUNGA', 'GR1', 8, 'TSS', true);
INSERT INTO schools (id, name, code, district_id, school_type, is_active) VALUES (159, 'NGARAMA TSS', 'NT4', 2, 'TSS', true);
INSERT INTO schools (id, name, code, district_id, school_type, is_active) VALUES (160, 'GS MUNYINYA TSS', 'GMT5', 13, 'TSS', true);
INSERT INTO schools (id, name, code, district_id, school_type, is_active) VALUES (161, 'RUBEGERA TSS II', 'RTI', 24, 'TSS', true);
INSERT INTO schools (id, name, code, district_id, school_type, is_active) VALUES (162, 'E.S NDEGO I TSS', 'ENI', 3, 'TSS', true);
INSERT INTO schools (id, name, code, district_id, school_type, is_active) VALUES (163, 'GS KINAZI TSS', 'GKT5', 17, 'TSS', true);
INSERT INTO schools (id, name, code, district_id, school_type, is_active) VALUES (164, 'MWANANSHUTI VTC', 'MV2', 9, 'VTC', true);
INSERT INTO schools (id, name, code, district_id, school_type, is_active) VALUES (165, 'GS MAREBA/TSS', 'GM', 1, 'TSS', true);
INSERT INTO schools (id, name, code, district_id, school_type, is_active) VALUES (166, 'ECOLE TECHNIQUE DE KARUGANDA', 'ETD', 11, 'TSS', true);
INSERT INTO schools (id, name, code, district_id, school_type, is_active) VALUES (167, 'SAINTE LUCIE VTC', 'SLV', 12, 'VTC', true);
INSERT INTO schools (id, name, code, district_id, school_type, is_active) VALUES (168, 'BUMBOGO TSS', 'BT1', 8, 'TSS', true);
INSERT INTO schools (id, name, code, district_id, school_type, is_active) VALUES (169, 'IZERE VTC', 'IV', 13, 'VTC', true);
INSERT INTO schools (id, name, code, district_id, school_type, is_active) VALUES (170, 'ES RUBENGERA', 'ER1', 24, 'TSS', true);
INSERT INTO schools (id, name, code, district_id, school_type, is_active) VALUES (171, 'St Christopher TSS', 'SCT', 3, 'TSS', true);
INSERT INTO schools (id, name, code, district_id, school_type, is_active) VALUES (172, 'GS KABUYE', 'GK2', 17, 'TSS', true);
INSERT INTO schools (id, name, code, district_id, school_type, is_active) VALUES (173, 'IPRC KIGALI TSS', 'IKT1', 9, 'TSS', true);
INSERT INTO schools (id, name, code, district_id, school_type, is_active) VALUES (174, 'GS MUSENYI/TSS', 'GM1', 1, 'TSS', true);
INSERT INTO schools (id, name, code, district_id, school_type, is_active) VALUES (175, 'GS RUKURA TSS', 'GRT9', 12, 'TSS', true);
INSERT INTO schools (id, name, code, district_id, school_type, is_active) VALUES (176, 'GLORY ACADEMY', 'GA', 8, 'TSS', true);
INSERT INTO schools (id, name, code, district_id, school_type, is_active) VALUES (177, 'SAINT JOSEPHINE TSS', 'SJT', 2, 'TSS', true);
INSERT INTO schools (id, name, code, district_id, school_type, is_active) VALUES (178, 'EAR KAGEYO VTC', 'EKV', 13, 'VTC', true);
INSERT INTO schools (id, name, code, district_id, school_type, is_active) VALUES (179, 'Saint Joseph Birambo', 'SJB', 24, 'TSS', true);
INSERT INTO schools (id, name, code, district_id, school_type, is_active) VALUES (180, 'GS ADELAIDE TSS', 'GAT1', 3, 'TSS', true);
INSERT INTO schools (id, name, code, district_id, school_type, is_active) VALUES (181, 'GS SIMBI', 'GS', 17, 'TSS', true);
INSERT INTO schools (id, name, code, district_id, school_type, is_active) VALUES (182, 'KICUKIRO WOMEN VOCATIONAL TRAINING CENTER', 'KWV', 9, 'VTC', true);
INSERT INTO schools (id, name, code, district_id, school_type, is_active) VALUES (183, 'BATIMA TSS', 'BT2', 1, 'TSS', true);
INSERT INTO schools (id, name, code, district_id, school_type, is_active) VALUES (184, 'GS MURAMBO TSS', 'GMT6', 12, 'TSS', true);
INSERT INTO schools (id, name, code, district_id, school_type, is_active) VALUES (185, 'CLUB HOTEK', 'CH', 8, 'VTC', true);
INSERT INTO schools (id, name, code, district_id, school_type, is_active) VALUES (186, 'UMBRELLA VTC', 'UV2', 2, 'VTC', true);
INSERT INTO schools (id, name, code, district_id, school_type, is_active) VALUES (187, 'APAPEGI CYURU TSS', 'ACT', 13, 'TSS', true);
INSERT INTO schools (id, name, code, district_id, school_type, is_active) VALUES (188, 'MUHORORO TSS', 'MT6', 24, 'TSS', true);
INSERT INTO schools (id, name, code, district_id, school_type, is_active) VALUES (189, 'AGAKIRIRO VTC', 'AV', 3, 'VTC', true);
INSERT INTO schools (id, name, code, district_id, school_type, is_active) VALUES (190, 'ECOLE TECHNIQUE POLYVALENTE', 'ETP', 17, 'VTC', true);
INSERT INTO schools (id, name, code, district_id, school_type, is_active) VALUES (191, 'SAINT CHARLES DE JESUS TSS', 'SCD', 9, 'TSS', true);
INSERT INTO schools (id, name, code, district_id, school_type, is_active) VALUES (192, 'GS DIHIRO/TSS', 'GD', 1, 'TSS', true);
INSERT INTO schools (id, name, code, district_id, school_type, is_active) VALUES (193, 'GS MUYONGWE TSS', 'GMT7', 12, 'TSS', true);
INSERT INTO schools (id, name, code, district_id, school_type, is_active) VALUES (194, 'GS KIMIRONKO II TSS', 'GKI', 8, 'TSS', true);
INSERT INTO schools (id, name, code, district_id, school_type, is_active) VALUES (195, 'UMUTARA POLYTECHNIC', 'UP', 2, 'TSS', true);
INSERT INTO schools (id, name, code, district_id, school_type, is_active) VALUES (196, 'APEGIRUBUKI TSS', 'AT', 13, 'TSS', true);
INSERT INTO schools (id, name, code, district_id, school_type, is_active) VALUES (197, 'ES NGOMA', 'EN1', 24, 'TSS', true);
INSERT INTO schools (id, name, code, district_id, school_type, is_active) VALUES (198, 'ES CYARUBARE TSS', 'ECT', 3, 'TSS', true);
INSERT INTO schools (id, name, code, district_id, school_type, is_active) VALUES (199, 'GS RUKIRA', 'GR2', 17, 'TSS', true);
INSERT INTO schools (id, name, code, district_id, school_type, is_active) VALUES (200, 'CENTRE PRESBYTERIEN DAMOUR DE JEUNES', 'CPD', 9, 'VTC', true);
INSERT INTO schools (id, name, code, district_id, school_type, is_active) VALUES (201, 'URUMURI COMMUNITY CENTER VTC', 'UCC', 1, 'VTC', true);
INSERT INTO schools (id, name, code, district_id, school_type, is_active) VALUES (202, 'GS BITABA TSS', 'GBT4', 12, 'TSS', true);
INSERT INTO schools (id, name, code, district_id, school_type, is_active) VALUES (203, 'Centre des Metiers Assomption de Kabuye/CMAK', 'CDM', 8, 'VTC', true);
INSERT INTO schools (id, name, code, district_id, school_type, is_active) VALUES (204, 'GSMUNINI TSS', 'GT4', 2, 'TSS', true);
INSERT INTO schools (id, name, code, district_id, school_type, is_active) VALUES (205, 'IPESAR', 'I1', 24, 'TSS', true);
INSERT INTO schools (id, name, code, district_id, school_type, is_active) VALUES (206, 'ECOLE SECONDAIRE SAINT PATRICK', 'ESS', 9, 'TSS', true);
INSERT INTO schools (id, name, code, district_id, school_type, is_active) VALUES (207, 'APEBU NYAMATA TSS', 'ANT', 1, 'TSS', true);
INSERT INTO schools (id, name, code, district_id, school_type, is_active) VALUES (208, 'GAKENKE', 'G4', 12, 'TSS', true);
INSERT INTO schools (id, name, code, district_id, school_type, is_active) VALUES (209, 'GACURIRO TSS', 'GT5', 8, 'TSS', true);
INSERT INTO schools (id, name, code, district_id, school_type, is_active) VALUES (210, 'GS KARAMA NYAGIHANGA TSS', 'GKN', 2, 'TSS', true);
INSERT INTO schools (id, name, code, district_id, school_type, is_active) VALUES (211, 'MIRACLE CORNERS VTC', 'MCV', 1, 'VTC', true);
INSERT INTO schools (id, name, code, district_id, school_type, is_active) VALUES (212, 'Rwesero VTC', 'RV3', 13, 'VTC', true);
INSERT INTO schools (id, name, code, district_id, school_type, is_active) VALUES (213, 'XTRA MILE VTC', 'XMV', 1, 'VTC', true);
INSERT INTO school_trades (id, school_id, trade_id, levels_offered, is_active) VALUES (1, 1, 140, '["L1"]', true);
INSERT INTO school_trades (id, school_id, trade_id, levels_offered, is_active) VALUES (2, 10, 55, '["L3-5"]', true);
INSERT INTO school_trades (id, school_id, trade_id, levels_offered, is_active) VALUES (3, 10, 116, '["L3-5"]', true);
INSERT INTO school_trades (id, school_id, trade_id, levels_offered, is_active) VALUES (4, 10, 74, '["L3-5"]', true);
INSERT INTO school_trades (id, school_id, trade_id, levels_offered, is_active) VALUES (5, 10, 83, '["L3-5"]', true);
INSERT INTO school_trades (id, school_id, trade_id, levels_offered, is_active) VALUES (6, 19, 55, '["L3-5"]', true);
INSERT INTO school_trades (id, school_id, trade_id, levels_offered, is_active) VALUES (7, 19, 76, '["L3-5"]', true);
INSERT INTO school_trades (id, school_id, trade_id, levels_offered, is_active) VALUES (8, 30, 140, '["L1"]', true);
INSERT INTO school_trades (id, school_id, trade_id, levels_offered, is_active) VALUES (9, 30, 105, '["L1"]', true);
INSERT INTO school_trades (id, school_id, trade_id, levels_offered, is_active) VALUES (10, 42, 51, '["L3-5"]', true);
INSERT INTO school_trades (id, school_id, trade_id, levels_offered, is_active) VALUES (11, 42, 74, '["L3-5"]', true);
INSERT INTO school_trades (id, school_id, trade_id, levels_offered, is_active) VALUES (12, 53, 45, '["L3-5"]', true);
INSERT INTO school_trades (id, school_id, trade_id, levels_offered, is_active) VALUES (13, 53, 87, '["L3-5"]', true);
INSERT INTO school_trades (id, school_id, trade_id, levels_offered, is_active) VALUES (14, 63, 140, '["L1"]', true);
INSERT INTO school_trades (id, school_id, trade_id, levels_offered, is_active) VALUES (15, 63, 117, '["L1"]', true);
INSERT INTO school_trades (id, school_id, trade_id, levels_offered, is_active) VALUES (16, 63, 148, '["L1"]', true);
INSERT INTO school_trades (id, school_id, trade_id, levels_offered, is_active) VALUES (17, 74, 51, '["L3-5"]', true);
INSERT INTO school_trades (id, school_id, trade_id, levels_offered, is_active) VALUES (18, 74, 132, '["L3-5"]', true);
INSERT INTO school_trades (id, school_id, trade_id, levels_offered, is_active) VALUES (19, 86, 51, '["L3-5"]', true);
INSERT INTO school_trades (id, school_id, trade_id, levels_offered, is_active) VALUES (20, 86, 74, '["L3-5"]', true);
INSERT INTO school_trades (id, school_id, trade_id, levels_offered, is_active) VALUES (21, 98, 55, '["L3-5"]', true);
INSERT INTO school_trades (id, school_id, trade_id, levels_offered, is_active) VALUES (22, 98, 125, '["L3-5"]', true);
INSERT INTO school_trades (id, school_id, trade_id, levels_offered, is_active) VALUES (23, 98, 87, '["L3-5"]', true);
INSERT INTO school_trades (id, school_id, trade_id, levels_offered, is_active) VALUES (24, 98, 151, '["L3-5"]', true);
INSERT INTO school_trades (id, school_id, trade_id, levels_offered, is_active) VALUES (25, 98, 76, '["L3-5"]', true);
INSERT INTO school_trades (id, school_id, trade_id, levels_offered, is_active) VALUES (26, 98, 136, '["L3-5"]', true);
INSERT INTO school_trades (id, school_id, trade_id, levels_offered, is_active) VALUES (27, 98, 116, '["L3-5"]', true);
INSERT INTO school_trades (id, school_id, trade_id, levels_offered, is_active) VALUES (28, 98, 109, '["L3-5"]', true);
INSERT INTO school_trades (id, school_id, trade_id, levels_offered, is_active) VALUES (29, 98, 82, '["L3-5"]', true);
INSERT INTO school_trades (id, school_id, trade_id, levels_offered, is_active) VALUES (30, 98, 107, '["L3-5"]', true);
INSERT INTO school_trades (id, school_id, trade_id, levels_offered, is_active) VALUES (31, 110, 140, '["L1"]', true);
INSERT INTO school_trades (id, school_id, trade_id, levels_offered, is_active) VALUES (32, 121, 51, '["L3-5"]', true);
INSERT INTO school_trades (id, school_id, trade_id, levels_offered, is_active) VALUES (33, 121, 74, '["L3-5"]', true);
INSERT INTO school_trades (id, school_id, trade_id, levels_offered, is_active) VALUES (34, 133, 55, '["L3-5"]', true);
INSERT INTO school_trades (id, school_id, trade_id, levels_offered, is_active) VALUES (35, 133, 116, '["L3-5"]', true);
INSERT INTO school_trades (id, school_id, trade_id, levels_offered, is_active) VALUES (36, 145, 41, '["L3-5"]', true);
INSERT INTO school_trades (id, school_id, trade_id, levels_offered, is_active) VALUES (37, 145, 44, '["L3-5"]', true);
INSERT INTO school_trades (id, school_id, trade_id, levels_offered, is_active) VALUES (38, 156, 140, '["L1"]', true);
INSERT INTO school_trades (id, school_id, trade_id, levels_offered, is_active) VALUES (39, 156, 105, '["L1"]', true);
INSERT INTO school_trades (id, school_id, trade_id, levels_offered, is_active) VALUES (40, 156, 68, '["L1"]', true);
INSERT INTO school_trades (id, school_id, trade_id, levels_offered, is_active) VALUES (41, 156, 130, '["L3-5"]', true);
INSERT INTO school_trades (id, school_id, trade_id, levels_offered, is_active) VALUES (42, 165, 51, '["L3-5"]', true);
INSERT INTO school_trades (id, school_id, trade_id, levels_offered, is_active) VALUES (43, 165, 132, '["L3-5"]', true);
INSERT INTO school_trades (id, school_id, trade_id, levels_offered, is_active) VALUES (44, 174, 42, '["L3-"]', true);
INSERT INTO school_trades (id, school_id, trade_id, levels_offered, is_active) VALUES (45, 174, 116, '["L3-5"]', true);
INSERT INTO school_trades (id, school_id, trade_id, levels_offered, is_active) VALUES (46, 183, 55, '["L3-5"]', true);
INSERT INTO school_trades (id, school_id, trade_id, levels_offered, is_active) VALUES (47, 183, 116, '["L3-5"]', true);
INSERT INTO school_trades (id, school_id, trade_id, levels_offered, is_active) VALUES (48, 192, 44, '["L3-5"]', true);
INSERT INTO school_trades (id, school_id, trade_id, levels_offered, is_active) VALUES (49, 192, 41, '["L3-5"]', true);
INSERT INTO school_trades (id, school_id, trade_id, levels_offered, is_active) VALUES (50, 192, 116, '["L3-5"]', true);
INSERT INTO school_trades (id, school_id, trade_id, levels_offered, is_active) VALUES (51, 201, 140, '["L1"]', true);
INSERT INTO school_trades (id, school_id, trade_id, levels_offered, is_active) VALUES (52, 207, 55, '["L3-5"]', true);
INSERT INTO school_trades (id, school_id, trade_id, levels_offered, is_active) VALUES (53, 207, 74, '["L3-5"]', true);
INSERT INTO school_trades (id, school_id, trade_id, levels_offered, is_active) VALUES (54, 207, 94, '["L3-"]', true);
INSERT INTO school_trades (id, school_id, trade_id, levels_offered, is_active) VALUES (55, 207, 145, '["L3-"]', true);
INSERT INTO school_trades (id, school_id, trade_id, levels_offered, is_active) VALUES (56, 207, 138, '["L3-"]', true);
INSERT INTO school_trades (id, school_id, trade_id, levels_offered, is_active) VALUES (57, 211, 140, '["L1"]', true);
INSERT INTO school_trades (id, school_id, trade_id, levels_offered, is_active) VALUES (58, 213, 148, '["L1"]', true);
INSERT INTO school_trades (id, school_id, trade_id, levels_offered, is_active) VALUES (59, 2, 49, '["L3-5"]', true);
INSERT INTO school_trades (id, school_id, trade_id, levels_offered, is_active) VALUES (60, 2, 82, '["L3-5"]', true);
INSERT INTO school_trades (id, school_id, trade_id, levels_offered, is_active) VALUES (61, 2, 55, '["L3-5"]', true);
INSERT INTO school_trades (id, school_id, trade_id, levels_offered, is_active) VALUES (62, 2, 41, '["L3-5"]', true);
INSERT INTO school_trades (id, school_id, trade_id, levels_offered, is_active) VALUES (63, 2, 74, '["L3-5"]', true);
INSERT INTO school_trades (id, school_id, trade_id, levels_offered, is_active) VALUES (64, 11, 55, '["L3-5"]', true);
INSERT INTO school_trades (id, school_id, trade_id, levels_offered, is_active) VALUES (65, 11, 96, '["L3-5"]', true);
INSERT INTO school_trades (id, school_id, trade_id, levels_offered, is_active) VALUES (66, 11, 144, '["L3-5"]', true);
INSERT INTO school_trades (id, school_id, trade_id, levels_offered, is_active) VALUES (67, 20, 55, '["L3-5"]', true);
INSERT INTO school_trades (id, school_id, trade_id, levels_offered, is_active) VALUES (68, 20, 40, '["L3-5"]', true);
INSERT INTO school_trades (id, school_id, trade_id, levels_offered, is_active) VALUES (69, 31, 51, '["L3-5"]', true);
INSERT INTO school_trades (id, school_id, trade_id, levels_offered, is_active) VALUES (70, 31, 152, '["L3"]', true);
INSERT INTO school_trades (id, school_id, trade_id, levels_offered, is_active) VALUES (71, 43, 140, '["L1"]', true);
INSERT INTO school_trades (id, school_id, trade_id, levels_offered, is_active) VALUES (72, 43, 58, '["L1"]', true);
INSERT INTO school_trades (id, school_id, trade_id, levels_offered, is_active) VALUES (73, 54, 55, '["L3-5"]', true);
INSERT INTO school_trades (id, school_id, trade_id, levels_offered, is_active) VALUES (74, 54, 151, '["L3-5"]', true);
INSERT INTO school_trades (id, school_id, trade_id, levels_offered, is_active) VALUES (75, 54, 47, '["L3-5"]', true);
INSERT INTO school_trades (id, school_id, trade_id, levels_offered, is_active) VALUES (76, 64, 55, '["L3-5"]', true);
INSERT INTO school_trades (id, school_id, trade_id, levels_offered, is_active) VALUES (77, 64, 65, '["L3-5"]', true);
INSERT INTO school_trades (id, school_id, trade_id, levels_offered, is_active) VALUES (78, 75, 41, '["L3-5"]', true);
INSERT INTO school_trades (id, school_id, trade_id, levels_offered, is_active) VALUES (79, 75, 45, '["L3-5"]', true);
INSERT INTO school_trades (id, school_id, trade_id, levels_offered, is_active) VALUES (80, 87, 55, '["L3-5"]', true);
INSERT INTO school_trades (id, school_id, trade_id, levels_offered, is_active) VALUES (81, 87, 151, '["L3-5"]', true);
INSERT INTO school_trades (id, school_id, trade_id, levels_offered, is_active) VALUES (82, 99, 74, '["L3-5"]', true);
INSERT INTO school_trades (id, school_id, trade_id, levels_offered, is_active) VALUES (83, 99, 51, '["L3-5"]', true);
INSERT INTO school_trades (id, school_id, trade_id, levels_offered, is_active) VALUES (84, 122, 100, '["L3-5"]', true);
INSERT INTO school_trades (id, school_id, trade_id, levels_offered, is_active) VALUES (85, 146, 100, '["L3-5"]', true);
INSERT INTO school_trades (id, school_id, trade_id, levels_offered, is_active) VALUES (86, 166, 100, '["L3-5"]', true);
INSERT INTO school_trades (id, school_id, trade_id, levels_offered, is_active) VALUES (87, 208, 101, '["L3-5"]', true);
INSERT INTO school_trades (id, school_id, trade_id, levels_offered, is_active) VALUES (88, 32, 51, '["L3-5"]', true);
INSERT INTO school_trades (id, school_id, trade_id, levels_offered, is_active) VALUES (89, 32, 149, '["L3-5"]', true);
INSERT INTO school_trades (id, school_id, trade_id, levels_offered, is_active) VALUES (90, 32, 83, '["L3-5"]', true);
INSERT INTO school_trades (id, school_id, trade_id, levels_offered, is_active) VALUES (91, 32, 74, '["L3-5"]', true);
INSERT INTO school_trades (id, school_id, trade_id, levels_offered, is_active) VALUES (92, 32, 117, '["L1"]', true);
INSERT INTO school_trades (id, school_id, trade_id, levels_offered, is_active) VALUES (93, 32, 140, '["L1"]', true);
INSERT INTO school_trades (id, school_id, trade_id, levels_offered, is_active) VALUES (94, 32, 58, '["L1"]', true);
INSERT INTO school_trades (id, school_id, trade_id, levels_offered, is_active) VALUES (95, 32, 72, '["L3-5"]', true);
INSERT INTO school_trades (id, school_id, trade_id, levels_offered, is_active) VALUES (96, 44, 151, '["L3-5"]', true);
INSERT INTO school_trades (id, school_id, trade_id, levels_offered, is_active) VALUES (97, 44, 114, '["L3-5"]', true);
INSERT INTO school_trades (id, school_id, trade_id, levels_offered, is_active) VALUES (98, 55, 35, '["L3-5"]', true);
INSERT INTO school_trades (id, school_id, trade_id, levels_offered, is_active) VALUES (99, 55, 45, '["L3-5"]', true);
INSERT INTO school_trades (id, school_id, trade_id, levels_offered, is_active) VALUES (100, 65, 51, '["L3-5"]', true);
INSERT INTO school_trades (id, school_id, trade_id, levels_offered, is_active) VALUES (101, 65, 149, '["L3-5"]', true);
INSERT INTO school_trades (id, school_id, trade_id, levels_offered, is_active) VALUES (102, 76, 87, '["L3-5"]', true);
INSERT INTO school_trades (id, school_id, trade_id, levels_offered, is_active) VALUES (103, 76, 151, '["L3-5"]', true);
INSERT INTO school_trades (id, school_id, trade_id, levels_offered, is_active) VALUES (104, 88, 55, '["L3-5"]', true);
INSERT INTO school_trades (id, school_id, trade_id, levels_offered, is_active) VALUES (105, 88, 88, '["L3-5"]', true);
INSERT INTO school_trades (id, school_id, trade_id, levels_offered, is_active) VALUES (106, 88, 116, '["L3-5"]', true);
INSERT INTO school_trades (id, school_id, trade_id, levels_offered, is_active) VALUES (107, 88, 140, '["L1"]', true);
INSERT INTO school_trades (id, school_id, trade_id, levels_offered, is_active) VALUES (108, 88, 148, '["L1"]', true);
INSERT INTO school_trades (id, school_id, trade_id, levels_offered, is_active) VALUES (109, 100, 155, '["L3-5"]', true);
INSERT INTO school_trades (id, school_id, trade_id, levels_offered, is_active) VALUES (110, 111, 140, '["L1"]', true);
INSERT INTO school_trades (id, school_id, trade_id, levels_offered, is_active) VALUES (111, 111, 148, '["L1"]', true);
INSERT INTO school_trades (id, school_id, trade_id, levels_offered, is_active) VALUES (112, 111, 73, '["L1"]', true);
INSERT INTO school_trades (id, school_id, trade_id, levels_offered, is_active) VALUES (113, 111, 76, '["L3-5"]', true);
INSERT INTO school_trades (id, school_id, trade_id, levels_offered, is_active) VALUES (114, 111, 55, '["L3--5"]', true);
INSERT INTO school_trades (id, school_id, trade_id, levels_offered, is_active) VALUES (115, 111, 116, '["L3-5"]', true);
INSERT INTO school_trades (id, school_id, trade_id, levels_offered, is_active) VALUES (116, 111, 87, '["L3-5"]', true);
INSERT INTO school_trades (id, school_id, trade_id, levels_offered, is_active) VALUES (117, 123, 55, '["L3-5"]', true);
INSERT INTO school_trades (id, school_id, trade_id, levels_offered, is_active) VALUES (118, 134, 45, '["L3-5"]', true);
INSERT INTO school_trades (id, school_id, trade_id, levels_offered, is_active) VALUES (119, 134, 41, '["L3-5"]', true);
INSERT INTO school_trades (id, school_id, trade_id, levels_offered, is_active) VALUES (120, 134, 55, '["L3-5"]', true);
INSERT INTO school_trades (id, school_id, trade_id, levels_offered, is_active) VALUES (121, 147, 140, '["L1"]', true);
INSERT INTO school_trades (id, school_id, trade_id, levels_offered, is_active) VALUES (122, 147, 113, '["L1"]', true);
INSERT INTO school_trades (id, school_id, trade_id, levels_offered, is_active) VALUES (123, 157, 140, '["L1"]', true);
INSERT INTO school_trades (id, school_id, trade_id, levels_offered, is_active) VALUES (124, 157, 104, '["L1"]', true);
INSERT INTO school_trades (id, school_id, trade_id, levels_offered, is_active) VALUES (125, 157, 148, '["L1"]', true);
INSERT INTO school_trades (id, school_id, trade_id, levels_offered, is_active) VALUES (126, 167, 140, '["L1"]', true);
INSERT INTO school_trades (id, school_id, trade_id, levels_offered, is_active) VALUES (127, 175, 135, '["L3-5"]', true);
INSERT INTO school_trades (id, school_id, trade_id, levels_offered, is_active) VALUES (128, 175, 54, '["L3-5"]', true);
INSERT INTO school_trades (id, school_id, trade_id, levels_offered, is_active) VALUES (129, 184, 41, '["L3-5"]', true);
INSERT INTO school_trades (id, school_id, trade_id, levels_offered, is_active) VALUES (130, 184, 95, '["L3-5"]', true);
INSERT INTO school_trades (id, school_id, trade_id, levels_offered, is_active) VALUES (131, 193, 51, '["L3-5"]', true);
INSERT INTO school_trades (id, school_id, trade_id, levels_offered, is_active) VALUES (132, 193, 74, '["L3-5"]', true);
INSERT INTO school_trades (id, school_id, trade_id, levels_offered, is_active) VALUES (133, 202, 51, '["L3-5"]', true);
INSERT INTO school_trades (id, school_id, trade_id, levels_offered, is_active) VALUES (134, 202, 74, '["L3-5"]', true);
INSERT INTO school_trades (id, school_id, trade_id, levels_offered, is_active) VALUES (135, 208, 99, '["L3-5"]', true);
INSERT INTO school_trades (id, school_id, trade_id, levels_offered, is_active) VALUES (136, 33, 50, '["L3-5"]', true);
INSERT INTO school_trades (id, school_id, trade_id, levels_offered, is_active) VALUES (137, 77, 38, '["L3-5"]', true);
INSERT INTO school_trades (id, school_id, trade_id, levels_offered, is_active) VALUES (138, 77, 124, '["L3-5"]', true);
INSERT INTO school_trades (id, school_id, trade_id, levels_offered, is_active) VALUES (139, 77, 81, '["L3-5"]', true);
INSERT INTO school_trades (id, school_id, trade_id, levels_offered, is_active) VALUES (140, 77, 60, '["L3-"]', true);
INSERT INTO school_trades (id, school_id, trade_id, levels_offered, is_active) VALUES (141, 77, 131, '["L1"]', true);
INSERT INTO school_trades (id, school_id, trade_id, levels_offered, is_active) VALUES (142, 77, 70, '["L3-5"]', true);
INSERT INTO school_trades (id, school_id, trade_id, levels_offered, is_active) VALUES (143, 77, 77, '["L1"]', true);
INSERT INTO school_trades (id, school_id, trade_id, levels_offered, is_active) VALUES (144, 77, 148, '["L1"]', true);
INSERT INTO school_trades (id, school_id, trade_id, levels_offered, is_active) VALUES (145, 89, 68, '["L1"]', true);
INSERT INTO school_trades (id, school_id, trade_id, levels_offered, is_active) VALUES (146, 89, 95, '["L3", "L4-5"]', true);
INSERT INTO school_trades (id, school_id, trade_id, levels_offered, is_active) VALUES (147, 89, 144, '["L3", "L4-5"]', true);
INSERT INTO school_trades (id, school_id, trade_id, levels_offered, is_active) VALUES (148, 101, 121, '["L3-5"]', true);
INSERT INTO school_trades (id, school_id, trade_id, levels_offered, is_active) VALUES (149, 101, 137, '["L3-5"]', true);
INSERT INTO school_trades (id, school_id, trade_id, levels_offered, is_active) VALUES (150, 101, 124, '["L3-5"]', true);
INSERT INTO school_trades (id, school_id, trade_id, levels_offered, is_active) VALUES (151, 112, 137, '["L3-5"]', true);
INSERT INTO school_trades (id, school_id, trade_id, levels_offered, is_active) VALUES (152, 112, 124, '["L3-5"]', true);
INSERT INTO school_trades (id, school_id, trade_id, levels_offered, is_active) VALUES (153, 124, 144, '["L3-5"]', true);
INSERT INTO school_trades (id, school_id, trade_id, levels_offered, is_active) VALUES (154, 124, 137, '["L3-5"]', true);
INSERT INTO school_trades (id, school_id, trade_id, levels_offered, is_active) VALUES (155, 124, 81, '["L3-5"]', true);
INSERT INTO school_trades (id, school_id, trade_id, levels_offered, is_active) VALUES (156, 124, 51, '["L3-5"]', true);
INSERT INTO school_trades (id, school_id, trade_id, levels_offered, is_active) VALUES (157, 135, 140, '["L1"]', true);
INSERT INTO school_trades (id, school_id, trade_id, levels_offered, is_active) VALUES (158, 135, 106, '["L3-5"]', true);
INSERT INTO school_trades (id, school_id, trade_id, levels_offered, is_active) VALUES (159, 148, 144, '["L3-5"]', true);
INSERT INTO school_trades (id, school_id, trade_id, levels_offered, is_active) VALUES (160, 148, 95, '["L3-5"]', true);
INSERT INTO school_trades (id, school_id, trade_id, levels_offered, is_active) VALUES (161, 148, 60, '["L3-5"]', true);
INSERT INTO school_trades (id, school_id, trade_id, levels_offered, is_active) VALUES (162, 148, 124, '["L3-5"]', true);
INSERT INTO school_trades (id, school_id, trade_id, levels_offered, is_active) VALUES (163, 158, 134, '["L3-5"]', true);
INSERT INTO school_trades (id, school_id, trade_id, levels_offered, is_active) VALUES (164, 158, 51, '["L3-5"]', true);
INSERT INTO school_trades (id, school_id, trade_id, levels_offered, is_active) VALUES (165, 168, 93, '["L3-5"]', true);
INSERT INTO school_trades (id, school_id, trade_id, levels_offered, is_active) VALUES (166, 168, 95, '["L3-5"]', true);
INSERT INTO school_trades (id, school_id, trade_id, levels_offered, is_active) VALUES (167, 176, 144, '["L3-5"]', true);
INSERT INTO school_trades (id, school_id, trade_id, levels_offered, is_active) VALUES (168, 176, 95, '["L3-5"]', true);
INSERT INTO school_trades (id, school_id, trade_id, levels_offered, is_active) VALUES (169, 176, 137, '["L3-5"]', true);
INSERT INTO school_trades (id, school_id, trade_id, levels_offered, is_active) VALUES (170, 176, 124, '["L3-5"]', true);
INSERT INTO school_trades (id, school_id, trade_id, levels_offered, is_active) VALUES (171, 176, 51, '["L3-5"]', true);
INSERT INTO school_trades (id, school_id, trade_id, levels_offered, is_active) VALUES (172, 185, 140, '["L1"]', true);
INSERT INTO school_trades (id, school_id, trade_id, levels_offered, is_active) VALUES (173, 185, 104, '["L1"]', true);
INSERT INTO school_trades (id, school_id, trade_id, levels_offered, is_active) VALUES (174, 185, 68, '["L1"]', true);
INSERT INTO school_trades (id, school_id, trade_id, levels_offered, is_active) VALUES (175, 194, 74, '["L3-5"]', true);
INSERT INTO school_trades (id, school_id, trade_id, levels_offered, is_active) VALUES (176, 194, 47, '["L3-5"]', true);
INSERT INTO school_trades (id, school_id, trade_id, levels_offered, is_active) VALUES (177, 203, 140, '["L1"]', true);
INSERT INTO school_trades (id, school_id, trade_id, levels_offered, is_active) VALUES (178, 203, 104, '["L1"]', true);
INSERT INTO school_trades (id, school_id, trade_id, levels_offered, is_active) VALUES (179, 203, 68, '["L1"]', true);
INSERT INTO school_trades (id, school_id, trade_id, levels_offered, is_active) VALUES (180, 203, 117, '["L1"]', true);
INSERT INTO school_trades (id, school_id, trade_id, levels_offered, is_active) VALUES (181, 209, 9, '["L1"]', true);
INSERT INTO school_trades (id, school_id, trade_id, levels_offered, is_active) VALUES (182, 209, 6, '["L1"]', true);
INSERT INTO school_trades (id, school_id, trade_id, levels_offered, is_active) VALUES (183, 209, 10, '["L3-5"]', true);
INSERT INTO school_trades (id, school_id, trade_id, levels_offered, is_active) VALUES (184, 209, 11, '["L3-5"]', true);
INSERT INTO school_trades (id, school_id, trade_id, levels_offered, is_active) VALUES (185, 209, 34, '["L3-5"]', true);
INSERT INTO school_trades (id, school_id, trade_id, levels_offered, is_active) VALUES (186, 209, 24, '["L3-5"]', true);
INSERT INTO school_trades (id, school_id, trade_id, levels_offered, is_active) VALUES (187, 209, 23, '["L3-5"]', true);
INSERT INTO school_trades (id, school_id, trade_id, levels_offered, is_active) VALUES (188, 209, 144, '["L3-5"]', true);
INSERT INTO school_trades (id, school_id, trade_id, levels_offered, is_active) VALUES (189, 209, 16, '["L3-5"]', true);
INSERT INTO school_trades (id, school_id, trade_id, levels_offered, is_active) VALUES (190, 209, 28, '["L3-5"]', true);
INSERT INTO school_trades (id, school_id, trade_id, levels_offered, is_active) VALUES (191, 209, 20, '["L3-5"]', true);
INSERT INTO school_trades (id, school_id, trade_id, levels_offered, is_active) VALUES (192, 209, 18, '["L1"]', true);
INSERT INTO school_trades (id, school_id, trade_id, levels_offered, is_active) VALUES (193, 209, 31, '["L1"]', true);
INSERT INTO school_trades (id, school_id, trade_id, levels_offered, is_active) VALUES (194, 209, 12, '["L1"]', true);
INSERT INTO school_trades (id, school_id, trade_id, levels_offered, is_active) VALUES (195, 209, 43, '["L3-5"]', true);
INSERT INTO school_trades (id, school_id, trade_id, levels_offered, is_active) VALUES (196, 12, 140, '["L1"]', true);
INSERT INTO school_trades (id, school_id, trade_id, levels_offered, is_active) VALUES (197, 12, 104, '["L1"]', true);
INSERT INTO school_trades (id, school_id, trade_id, levels_offered, is_active) VALUES (198, 12, 112, '["L1"]', true);
INSERT INTO school_trades (id, school_id, trade_id, levels_offered, is_active) VALUES (199, 21, 140, '["L1"]', true);
INSERT INTO school_trades (id, school_id, trade_id, levels_offered, is_active) VALUES (200, 21, 117, '["L1"]', true);
INSERT INTO school_trades (id, school_id, trade_id, levels_offered, is_active) VALUES (201, 21, 58, '["L1"]', true);
INSERT INTO school_trades (id, school_id, trade_id, levels_offered, is_active) VALUES (202, 21, 51, '["L3-5"]', true);
INSERT INTO school_trades (id, school_id, trade_id, levels_offered, is_active) VALUES (203, 21, 83, '["L3-5"]', true);
INSERT INTO school_trades (id, school_id, trade_id, levels_offered, is_active) VALUES (204, 34, 55, '["L3-5"]', true);
INSERT INTO school_trades (id, school_id, trade_id, levels_offered, is_active) VALUES (205, 34, 109, '["L3-5"]', true);
INSERT INTO school_trades (id, school_id, trade_id, levels_offered, is_active) VALUES (206, 34, 60, '["L3-5"]', true);
INSERT INTO school_trades (id, school_id, trade_id, levels_offered, is_active) VALUES (207, 34, 137, '["L3-5"]', true);
INSERT INTO school_trades (id, school_id, trade_id, levels_offered, is_active) VALUES (208, 45, 140, '["L1"]', true);
INSERT INTO school_trades (id, school_id, trade_id, levels_offered, is_active) VALUES (209, 56, 140, '["L1"]', true);
INSERT INTO school_trades (id, school_id, trade_id, levels_offered, is_active) VALUES (210, 56, 83, '["L3-5"]', true);
INSERT INTO school_trades (id, school_id, trade_id, levels_offered, is_active) VALUES (211, 56, 117, '["L1"]', true);
INSERT INTO school_trades (id, school_id, trade_id, levels_offered, is_active) VALUES (212, 56, 58, '["L1"]', true);
INSERT INTO school_trades (id, school_id, trade_id, levels_offered, is_active) VALUES (213, 56, 148, '["L1"]', true);
INSERT INTO school_trades (id, school_id, trade_id, levels_offered, is_active) VALUES (214, 56, 114, '["L3-5"]', true);
INSERT INTO school_trades (id, school_id, trade_id, levels_offered, is_active) VALUES (215, 56, 73, '["L1"]', true);
INSERT INTO school_trades (id, school_id, trade_id, levels_offered, is_active) VALUES (216, 56, 74, '["L3-5"]', true);
INSERT INTO school_trades (id, school_id, trade_id, levels_offered, is_active) VALUES (217, 56, 105, '["L1"]', true);
INSERT INTO school_trades (id, school_id, trade_id, levels_offered, is_active) VALUES (218, 56, 55, '["L3-5"]', true);
INSERT INTO school_trades (id, school_id, trade_id, levels_offered, is_active) VALUES (219, 56, 149, '["L3-5"]', true);
INSERT INTO school_trades (id, school_id, trade_id, levels_offered, is_active) VALUES (220, 66, 94, '["L3-5"]', true);
INSERT INTO school_trades (id, school_id, trade_id, levels_offered, is_active) VALUES (221, 66, 51, '["L3-5"]', true);
INSERT INTO school_trades (id, school_id, trade_id, levels_offered, is_active) VALUES (222, 78, 140, '["L1"]', true);
INSERT INTO school_trades (id, school_id, trade_id, levels_offered, is_active) VALUES (223, 78, 83, '["L3-5"]', true);
INSERT INTO school_trades (id, school_id, trade_id, levels_offered, is_active) VALUES (224, 90, 124, '["L3-5"]', true);
INSERT INTO school_trades (id, school_id, trade_id, levels_offered, is_active) VALUES (225, 90, 51, '["L3-5"]', true);
INSERT INTO school_trades (id, school_id, trade_id, levels_offered, is_active) VALUES (226, 90, 64, '["L3-5"]', true);
INSERT INTO school_trades (id, school_id, trade_id, levels_offered, is_active) VALUES (227, 90, 117, '["L1"]', true);
INSERT INTO school_trades (id, school_id, trade_id, levels_offered, is_active) VALUES (228, 90, 58, '["L1"]', true);
INSERT INTO school_trades (id, school_id, trade_id, levels_offered, is_active) VALUES (229, 102, 105, '["L3-5"]', true);
INSERT INTO school_trades (id, school_id, trade_id, levels_offered, is_active) VALUES (230, 102, 140, '["L1"]', true);
INSERT INTO school_trades (id, school_id, trade_id, levels_offered, is_active) VALUES (231, 113, 87, '["L3-5"]', true);
INSERT INTO school_trades (id, school_id, trade_id, levels_offered, is_active) VALUES (232, 113, 56, '["L3-5"]', true);
INSERT INTO school_trades (id, school_id, trade_id, levels_offered, is_active) VALUES (233, 125, 87, '["L3-5"]', true);
INSERT INTO school_trades (id, school_id, trade_id, levels_offered, is_active) VALUES (234, 125, 51, '["L3-5"]', true);
INSERT INTO school_trades (id, school_id, trade_id, levels_offered, is_active) VALUES (235, 136, 87, '["L3-5"]', true);
INSERT INTO school_trades (id, school_id, trade_id, levels_offered, is_active) VALUES (236, 136, 51, '["L3-5"]', true);
INSERT INTO school_trades (id, school_id, trade_id, levels_offered, is_active) VALUES (237, 149, 51, '["L3-5"]', true);
INSERT INTO school_trades (id, school_id, trade_id, levels_offered, is_active) VALUES (238, 149, 64, '["L3-5"]', true);
INSERT INTO school_trades (id, school_id, trade_id, levels_offered, is_active) VALUES (239, 149, 149, '["L3-5"]', true);
INSERT INTO school_trades (id, school_id, trade_id, levels_offered, is_active) VALUES (240, 149, 121, '["L3-5"]', true);
INSERT INTO school_trades (id, school_id, trade_id, levels_offered, is_active) VALUES (241, 4, 144, '["L3-5"]', true);
INSERT INTO school_trades (id, school_id, trade_id, levels_offered, is_active) VALUES (242, 4, 137, '["L3-5"]', true);
INSERT INTO school_trades (id, school_id, trade_id, levels_offered, is_active) VALUES (243, 13, 51, '["L3-5"]', true);
INSERT INTO school_trades (id, school_id, trade_id, levels_offered, is_active) VALUES (244, 13, 91, '["L3-5"]', true);
INSERT INTO school_trades (id, school_id, trade_id, levels_offered, is_active) VALUES (245, 13, 149, '["L3-5"]', true);
INSERT INTO school_trades (id, school_id, trade_id, levels_offered, is_active) VALUES (246, 13, 83, '["L3-5"]', true);
INSERT INTO school_trades (id, school_id, trade_id, levels_offered, is_active) VALUES (247, 23, 93, '["L3-5"]', true);
INSERT INTO school_trades (id, school_id, trade_id, levels_offered, is_active) VALUES (248, 23, 44, '["L3-5"]', true);
INSERT INTO school_trades (id, school_id, trade_id, levels_offered, is_active) VALUES (249, 23, 41, '["L3-5"]', true);
INSERT INTO school_trades (id, school_id, trade_id, levels_offered, is_active) VALUES (250, 23, 93, '["L3-5"]', true);
INSERT INTO school_trades (id, school_id, trade_id, levels_offered, is_active) VALUES (251, 23, 44, '["L3-5"]', true);
INSERT INTO school_trades (id, school_id, trade_id, levels_offered, is_active) VALUES (252, 23, 41, '["L3-5"]', true);
INSERT INTO school_trades (id, school_id, trade_id, levels_offered, is_active) VALUES (253, 35, 85, '["L3-5"]', true);
INSERT INTO school_trades (id, school_id, trade_id, levels_offered, is_active) VALUES (254, 35, 114, '["L3-5"]', true);
INSERT INTO school_trades (id, school_id, trade_id, levels_offered, is_active) VALUES (255, 35, 110, '["L3-5"]', true);
INSERT INTO school_trades (id, school_id, trade_id, levels_offered, is_active) VALUES (256, 46, 1, '["L3-5"]', true);
INSERT INTO school_trades (id, school_id, trade_id, levels_offered, is_active) VALUES (257, 46, 21, '["L3-5"]', true);
INSERT INTO school_trades (id, school_id, trade_id, levels_offered, is_active) VALUES (258, 67, 51, '["L3-5"]', true);
INSERT INTO school_trades (id, school_id, trade_id, levels_offered, is_active) VALUES (259, 67, 103, '["L1"]', true);
INSERT INTO school_trades (id, school_id, trade_id, levels_offered, is_active) VALUES (260, 67, 149, '["L3-5"]', true);
INSERT INTO school_trades (id, school_id, trade_id, levels_offered, is_active) VALUES (261, 67, 47, '["L3-5"]', true);
INSERT INTO school_trades (id, school_id, trade_id, levels_offered, is_active) VALUES (262, 67, 83, '["L3-5"]', true);
INSERT INTO school_trades (id, school_id, trade_id, levels_offered, is_active) VALUES (263, 67, 114, '["L3-5"]', true);
INSERT INTO school_trades (id, school_id, trade_id, levels_offered, is_active) VALUES (264, 67, 148, '["L1"]', true);
INSERT INTO school_trades (id, school_id, trade_id, levels_offered, is_active) VALUES (265, 67, 117, '["L1"]', true);
INSERT INTO school_trades (id, school_id, trade_id, levels_offered, is_active) VALUES (266, 67, 140, '["L1"]', true);
INSERT INTO school_trades (id, school_id, trade_id, levels_offered, is_active) VALUES (267, 79, 74, '["L3-5"]', true);
INSERT INTO school_trades (id, school_id, trade_id, levels_offered, is_active) VALUES (268, 79, 51, '["L3-5"]', true);
INSERT INTO school_trades (id, school_id, trade_id, levels_offered, is_active) VALUES (269, 91, 51, '["L3-5"]', true);
INSERT INTO school_trades (id, school_id, trade_id, levels_offered, is_active) VALUES (270, 91, 87, '["L3-5"]', true);
INSERT INTO school_trades (id, school_id, trade_id, levels_offered, is_active) VALUES (271, 103, 41, '["L3-5"]', true);
INSERT INTO school_trades (id, school_id, trade_id, levels_offered, is_active) VALUES (272, 103, 44, '["L3-5"]', true);
INSERT INTO school_trades (id, school_id, trade_id, levels_offered, is_active) VALUES (273, 114, 137, '["L3-5"]', true);
INSERT INTO school_trades (id, school_id, trade_id, levels_offered, is_active) VALUES (274, 114, 62, '["L3-5"]', true);
INSERT INTO school_trades (id, school_id, trade_id, levels_offered, is_active) VALUES (275, 126, 51, '["L3-5"]', true);
INSERT INTO school_trades (id, school_id, trade_id, levels_offered, is_active) VALUES (276, 126, 74, '["L3-5"]', true);
INSERT INTO school_trades (id, school_id, trade_id, levels_offered, is_active) VALUES (277, 137, 51, '["L3-5"]', true);
INSERT INTO school_trades (id, school_id, trade_id, levels_offered, is_active) VALUES (278, 137, 41, '["L3-5"]', true);
INSERT INTO school_trades (id, school_id, trade_id, levels_offered, is_active) VALUES (279, 150, 61, '["L3-5"]', true);
INSERT INTO school_trades (id, school_id, trade_id, levels_offered, is_active) VALUES (280, 150, 46, '["L3-5"]', true);
INSERT INTO school_trades (id, school_id, trade_id, levels_offered, is_active) VALUES (281, 150, 83, '["L3-5"]', true);
INSERT INTO school_trades (id, school_id, trade_id, levels_offered, is_active) VALUES (282, 150, 137, '["L3-5"]', true);
INSERT INTO school_trades (id, school_id, trade_id, levels_offered, is_active) VALUES (283, 150, 122, '["L3-5"]', true);
INSERT INTO school_trades (id, school_id, trade_id, levels_offered, is_active) VALUES (284, 150, 142, '["L3-5"]', true);
INSERT INTO school_trades (id, school_id, trade_id, levels_offered, is_active) VALUES (285, 159, 83, '["L3-4"]', true);
INSERT INTO school_trades (id, school_id, trade_id, levels_offered, is_active) VALUES (286, 159, 114, '["L3-5"]', true);
INSERT INTO school_trades (id, school_id, trade_id, levels_offered, is_active) VALUES (287, 159, 151, '["L3-5"]', true);
INSERT INTO school_trades (id, school_id, trade_id, levels_offered, is_active) VALUES (288, 159, 57, '["L3-5"]', true);
INSERT INTO school_trades (id, school_id, trade_id, levels_offered, is_active) VALUES (289, 159, 74, '["L3-5"]', true);
INSERT INTO school_trades (id, school_id, trade_id, levels_offered, is_active) VALUES (290, 138, 144, '["L3-5"]', true);
INSERT INTO school_trades (id, school_id, trade_id, levels_offered, is_active) VALUES (291, 177, 86, '["L3-5"]', true);
INSERT INTO school_trades (id, school_id, trade_id, levels_offered, is_active) VALUES (292, 177, 140, '["L5"]', true);
INSERT INTO school_trades (id, school_id, trade_id, levels_offered, is_active) VALUES (293, 177, 148, '["L1"]', true);
INSERT INTO school_trades (id, school_id, trade_id, levels_offered, is_active) VALUES (294, 177, 91, '["L3-5"]', true);
INSERT INTO school_trades (id, school_id, trade_id, levels_offered, is_active) VALUES (295, 186, 105, '["L1"]', true);
INSERT INTO school_trades (id, school_id, trade_id, levels_offered, is_active) VALUES (296, 186, 68, '["L1"]', true);
INSERT INTO school_trades (id, school_id, trade_id, levels_offered, is_active) VALUES (297, 186, 140, '["L1"]', true);
INSERT INTO school_trades (id, school_id, trade_id, levels_offered, is_active) VALUES (298, 195, 150, '["L3-5"]', true);
INSERT INTO school_trades (id, school_id, trade_id, levels_offered, is_active) VALUES (299, 195, 41, '["L3-5"]', true);
INSERT INTO school_trades (id, school_id, trade_id, levels_offered, is_active) VALUES (300, 195, 44, '["L3-5"]', true);
INSERT INTO school_trades (id, school_id, trade_id, levels_offered, is_active) VALUES (301, 195, 51, '["L3-5"]', true);
INSERT INTO school_trades (id, school_id, trade_id, levels_offered, is_active) VALUES (302, 204, 51, '["L3-5"]', true);
INSERT INTO school_trades (id, school_id, trade_id, levels_offered, is_active) VALUES (303, 204, 83, '["L3-5"]', true);
INSERT INTO school_trades (id, school_id, trade_id, levels_offered, is_active) VALUES (304, 210, 51, '["L3-5"]', true);
INSERT INTO school_trades (id, school_id, trade_id, levels_offered, is_active) VALUES (305, 210, 83, '["L3-5"]', true);
INSERT INTO school_trades (id, school_id, trade_id, levels_offered, is_active) VALUES (306, 5, 69, '["L1"]', true);
INSERT INTO school_trades (id, school_id, trade_id, levels_offered, is_active) VALUES (307, 5, 148, '["L1"]', true);
INSERT INTO school_trades (id, school_id, trade_id, levels_offered, is_active) VALUES (308, 5, 140, '["L1"]', true);
INSERT INTO school_trades (id, school_id, trade_id, levels_offered, is_active) VALUES (309, 14, 74, '["L3-5"]', true);
INSERT INTO school_trades (id, school_id, trade_id, levels_offered, is_active) VALUES (310, 24, 140, '["L1"]', true);
INSERT INTO school_trades (id, school_id, trade_id, levels_offered, is_active) VALUES (311, 24, 71, '["L1"]', true);
INSERT INTO school_trades (id, school_id, trade_id, levels_offered, is_active) VALUES (312, 36, 62, '["L3-5"]', true);
INSERT INTO school_trades (id, school_id, trade_id, levels_offered, is_active) VALUES (313, 36, 124, '["L3-5"]', true);
INSERT INTO school_trades (id, school_id, trade_id, levels_offered, is_active) VALUES (314, 36, 81, '["L3-5"]', true);
INSERT INTO school_trades (id, school_id, trade_id, levels_offered, is_active) VALUES (315, 47, 83, '["L3-5"]', true);
INSERT INTO school_trades (id, school_id, trade_id, levels_offered, is_active) VALUES (316, 47, 114, '["L3-5"]', true);
INSERT INTO school_trades (id, school_id, trade_id, levels_offered, is_active) VALUES (317, 57, 149, '["L3-5"]', true);
INSERT INTO school_trades (id, school_id, trade_id, levels_offered, is_active) VALUES (318, 57, 114, '["L3-5"]', true);
INSERT INTO school_trades (id, school_id, trade_id, levels_offered, is_active) VALUES (319, 68, 51, '["L3-5"]', true);
INSERT INTO school_trades (id, school_id, trade_id, levels_offered, is_active) VALUES (320, 68, 117, '["L1"]', true);
INSERT INTO school_trades (id, school_id, trade_id, levels_offered, is_active) VALUES (321, 68, 74, '["L3-5"]', true);
INSERT INTO school_trades (id, school_id, trade_id, levels_offered, is_active) VALUES (322, 68, 71, '["L1"]', true);
INSERT INTO school_trades (id, school_id, trade_id, levels_offered, is_active) VALUES (323, 80, 51, '["L3-5"]', true);
INSERT INTO school_trades (id, school_id, trade_id, levels_offered, is_active) VALUES (324, 80, 149, '["L3-5"]', true);
INSERT INTO school_trades (id, school_id, trade_id, levels_offered, is_active) VALUES (325, 92, 140, '["L1"]', true);
INSERT INTO school_trades (id, school_id, trade_id, levels_offered, is_active) VALUES (326, 92, 103, '["L1"]', true);
INSERT INTO school_trades (id, school_id, trade_id, levels_offered, is_active) VALUES (327, 104, 132, '["L3-5"]', true);
INSERT INTO school_trades (id, school_id, trade_id, levels_offered, is_active) VALUES (328, 104, 51, '["L3-5"]', true);
INSERT INTO school_trades (id, school_id, trade_id, levels_offered, is_active) VALUES (329, 115, 51, '["L3-5"]', true);
INSERT INTO school_trades (id, school_id, trade_id, levels_offered, is_active) VALUES (330, 115, 132, '["L3-5"]', true);
INSERT INTO school_trades (id, school_id, trade_id, levels_offered, is_active) VALUES (331, 115, 149, '["L3-5"]', true);
INSERT INTO school_trades (id, school_id, trade_id, levels_offered, is_active) VALUES (332, 115, 137, '["L3-5"]', true);
INSERT INTO school_trades (id, school_id, trade_id, levels_offered, is_active) VALUES (333, 115, 62, '["L3-5"]', true);
INSERT INTO school_trades (id, school_id, trade_id, levels_offered, is_active) VALUES (334, 127, 83, '["L3-5"]', true);
INSERT INTO school_trades (id, school_id, trade_id, levels_offered, is_active) VALUES (335, 127, 51, '["L3-5"]', true);
INSERT INTO school_trades (id, school_id, trade_id, levels_offered, is_active) VALUES (336, 139, 41, '["L3-5"]', true);
INSERT INTO school_trades (id, school_id, trade_id, levels_offered, is_active) VALUES (337, 139, 44, '["L3-5"]', true);
INSERT INTO school_trades (id, school_id, trade_id, levels_offered, is_active) VALUES (338, 151, 140, '["L1"]', true);
INSERT INTO school_trades (id, school_id, trade_id, levels_offered, is_active) VALUES (339, 151, 105, '["L1"]', true);
INSERT INTO school_trades (id, school_id, trade_id, levels_offered, is_active) VALUES (340, 151, 68, '["L1"]', true);
INSERT INTO school_trades (id, school_id, trade_id, levels_offered, is_active) VALUES (341, 160, 47, '["L3-5"]', true);
INSERT INTO school_trades (id, school_id, trade_id, levels_offered, is_active) VALUES (342, 160, 74, '["L3-5"]', true);
INSERT INTO school_trades (id, school_id, trade_id, levels_offered, is_active) VALUES (343, 169, 148, '["L1"]', true);
INSERT INTO school_trades (id, school_id, trade_id, levels_offered, is_active) VALUES (344, 178, 140, '["L1"]', true);
INSERT INTO school_trades (id, school_id, trade_id, levels_offered, is_active) VALUES (345, 178, 58, '["L1"]', true);
INSERT INTO school_trades (id, school_id, trade_id, levels_offered, is_active) VALUES (346, 178, 148, '["L1"]', true);
INSERT INTO school_trades (id, school_id, trade_id, levels_offered, is_active) VALUES (347, 178, 117, '["L1"]', true);
INSERT INTO school_trades (id, school_id, trade_id, levels_offered, is_active) VALUES (348, 187, 51, '["L3-5"]', true);
INSERT INTO school_trades (id, school_id, trade_id, levels_offered, is_active) VALUES (349, 196, 51, '["L3-5"]', true);
INSERT INTO school_trades (id, school_id, trade_id, levels_offered, is_active) VALUES (350, 196, 135, '["L3-5"]', true);
INSERT INTO school_trades (id, school_id, trade_id, levels_offered, is_active) VALUES (351, 196, 129, '["L3-5"]', true);
INSERT INTO school_trades (id, school_id, trade_id, levels_offered, is_active) VALUES (352, 212, 120, '["L3-5"]', true);
INSERT INTO school_trades (id, school_id, trade_id, levels_offered, is_active) VALUES (353, 15, 119, '["L3-5"]', true);
INSERT INTO school_trades (id, school_id, trade_id, levels_offered, is_active) VALUES (354, 15, 102, '["L3-5"]', true);
INSERT INTO school_trades (id, school_id, trade_id, levels_offered, is_active) VALUES (355, 25, 140, '["L1"]', true);
INSERT INTO school_trades (id, school_id, trade_id, levels_offered, is_active) VALUES (356, 25, 83, '["L3-5"]', true);
INSERT INTO school_trades (id, school_id, trade_id, levels_offered, is_active) VALUES (357, 25, 51, '["L3-5"]', true);
INSERT INTO school_trades (id, school_id, trade_id, levels_offered, is_active) VALUES (358, 25, 149, '["L3-5"]', true);
INSERT INTO school_trades (id, school_id, trade_id, levels_offered, is_active) VALUES (359, 25, 118, '["L3-5"]', true);
INSERT INTO school_trades (id, school_id, trade_id, levels_offered, is_active) VALUES (360, 25, 58, '["L1"]', true);
INSERT INTO school_trades (id, school_id, trade_id, levels_offered, is_active) VALUES (361, 37, 51, '["L3-5"]', true);
INSERT INTO school_trades (id, school_id, trade_id, levels_offered, is_active) VALUES (362, 37, 41, '["L3-5"]', true);
INSERT INTO school_trades (id, school_id, trade_id, levels_offered, is_active) VALUES (363, 48, 51, '["L3-5"]', true);
INSERT INTO school_trades (id, school_id, trade_id, levels_offered, is_active) VALUES (364, 48, 132, '["L3-5"]', true);
INSERT INTO school_trades (id, school_id, trade_id, levels_offered, is_active) VALUES (365, 48, 74, '["L3-5"]', true);
INSERT INTO school_trades (id, school_id, trade_id, levels_offered, is_active) VALUES (366, 48, 137, '["L3-5"]', true);
INSERT INTO school_trades (id, school_id, trade_id, levels_offered, is_active) VALUES (367, 58, 51, '["L3-5"]', true);
INSERT INTO school_trades (id, school_id, trade_id, levels_offered, is_active) VALUES (368, 58, 117, '["L1"]', true);
INSERT INTO school_trades (id, school_id, trade_id, levels_offered, is_active) VALUES (369, 58, 74, '["L3-5"]', true);
INSERT INTO school_trades (id, school_id, trade_id, levels_offered, is_active) VALUES (370, 58, 83, '["L3-5"]', true);
INSERT INTO school_trades (id, school_id, trade_id, levels_offered, is_active) VALUES (371, 58, 141, '["L3-5"]', true);
INSERT INTO school_trades (id, school_id, trade_id, levels_offered, is_active) VALUES (372, 69, 92, '["L3-5"]', true);
INSERT INTO school_trades (id, school_id, trade_id, levels_offered, is_active) VALUES (373, 69, 41, '["L3-5"]', true);
INSERT INTO school_trades (id, school_id, trade_id, levels_offered, is_active) VALUES (374, 81, 149, '["L3-5"]', true);
INSERT INTO school_trades (id, school_id, trade_id, levels_offered, is_active) VALUES (375, 81, 121, '["L3-5"]', true);
INSERT INTO school_trades (id, school_id, trade_id, levels_offered, is_active) VALUES (376, 81, 61, '["L3-5"]', true);
INSERT INTO school_trades (id, school_id, trade_id, levels_offered, is_active) VALUES (377, 81, 46, '["L3-5"]', true);
INSERT INTO school_trades (id, school_id, trade_id, levels_offered, is_active) VALUES (378, 81, 137, '["L3-5"]', true);
INSERT INTO school_trades (id, school_id, trade_id, levels_offered, is_active) VALUES (379, 81, 78, '["L3-5"]', true);
INSERT INTO school_trades (id, school_id, trade_id, levels_offered, is_active) VALUES (380, 81, 143, '["L3-5"]', true);
INSERT INTO school_trades (id, school_id, trade_id, levels_offered, is_active) VALUES (381, 81, 134, '["L3-5"]', true);
INSERT INTO school_trades (id, school_id, trade_id, levels_offered, is_active) VALUES (382, 81, 108, '["L3-5"]', true);
INSERT INTO school_trades (id, school_id, trade_id, levels_offered, is_active) VALUES (383, 81, 51, '["L3-5"]', true);
INSERT INTO school_trades (id, school_id, trade_id, levels_offered, is_active) VALUES (384, 81, 75, '["L3-5"]', true);
INSERT INTO school_trades (id, school_id, trade_id, levels_offered, is_active) VALUES (385, 93, 20, '["L3-5"]', true);
INSERT INTO school_trades (id, school_id, trade_id, levels_offered, is_active) VALUES (386, 93, 4, '["L3-5"]', true);
INSERT INTO school_trades (id, school_id, trade_id, levels_offered, is_active) VALUES (387, 105, 140, '["L1"]', true);
INSERT INTO school_trades (id, school_id, trade_id, levels_offered, is_active) VALUES (388, 105, 105, '["L1"]', true);
INSERT INTO school_trades (id, school_id, trade_id, levels_offered, is_active) VALUES (389, 105, 68, '["L1"]', true);
INSERT INTO school_trades (id, school_id, trade_id, levels_offered, is_active) VALUES (390, 116, 114, '["L3-5"]', true);
INSERT INTO school_trades (id, school_id, trade_id, levels_offered, is_active) VALUES (391, 116, 51, '["L3-5"]', true);
INSERT INTO school_trades (id, school_id, trade_id, levels_offered, is_active) VALUES (392, 128, 114, '["L3-5"]', true);
INSERT INTO school_trades (id, school_id, trade_id, levels_offered, is_active) VALUES (393, 128, 51, '["L3-5"]', true);
INSERT INTO school_trades (id, school_id, trade_id, levels_offered, is_active) VALUES (394, 140, 117, '["L1"]', true);
INSERT INTO school_trades (id, school_id, trade_id, levels_offered, is_active) VALUES (395, 140, 149, '["L3-5"]', true);
INSERT INTO school_trades (id, school_id, trade_id, levels_offered, is_active) VALUES (396, 140, 58, '["L1"]', true);
INSERT INTO school_trades (id, school_id, trade_id, levels_offered, is_active) VALUES (397, 26, 51, '["L3-5"]', true);
INSERT INTO school_trades (id, school_id, trade_id, levels_offered, is_active) VALUES (398, 26, 74, '["L3-5"]', true);
INSERT INTO school_trades (id, school_id, trade_id, levels_offered, is_active) VALUES (399, 26, 47, '["L3-5"]', true);
INSERT INTO school_trades (id, school_id, trade_id, levels_offered, is_active) VALUES (400, 26, 114, '["L3-5"]', true);
INSERT INTO school_trades (id, school_id, trade_id, levels_offered, is_active) VALUES (401, 38, 41, '["L3-5"]', true);
INSERT INTO school_trades (id, school_id, trade_id, levels_offered, is_active) VALUES (402, 49, 51, '["L3-5"]', true);
INSERT INTO school_trades (id, school_id, trade_id, levels_offered, is_active) VALUES (403, 59, 83, '["L3-5"]', true);
INSERT INTO school_trades (id, school_id, trade_id, levels_offered, is_active) VALUES (404, 59, 51, '["L3-5"]', true);
INSERT INTO school_trades (id, school_id, trade_id, levels_offered, is_active) VALUES (405, 70, 83, '["L3-5"]', true);
INSERT INTO school_trades (id, school_id, trade_id, levels_offered, is_active) VALUES (406, 70, 51, '["L3-5"]', true);
INSERT INTO school_trades (id, school_id, trade_id, levels_offered, is_active) VALUES (407, 82, 41, '["L3-5"]', true);
INSERT INTO school_trades (id, school_id, trade_id, levels_offered, is_active) VALUES (408, 82, 98, '["L3-5"]', true);
INSERT INTO school_trades (id, school_id, trade_id, levels_offered, is_active) VALUES (409, 82, 44, '["L3-5"]', true);
INSERT INTO school_trades (id, school_id, trade_id, levels_offered, is_active) VALUES (410, 94, 114, '["L3-5"]', true);
INSERT INTO school_trades (id, school_id, trade_id, levels_offered, is_active) VALUES (411, 94, 51, '["L3-5"]', true);
INSERT INTO school_trades (id, school_id, trade_id, levels_offered, is_active) VALUES (412, 106, 137, '["L3-5"]', true);
INSERT INTO school_trades (id, school_id, trade_id, levels_offered, is_active) VALUES (413, 106, 121, '["L3-5"]', true);
INSERT INTO school_trades (id, school_id, trade_id, levels_offered, is_active) VALUES (414, 117, 74, '["L3-5"]', true);
INSERT INTO school_trades (id, school_id, trade_id, levels_offered, is_active) VALUES (415, 117, 51, '["L3-5"]', true);
INSERT INTO school_trades (id, school_id, trade_id, levels_offered, is_active) VALUES (416, 129, 51, '["L3-5"]', true);
INSERT INTO school_trades (id, school_id, trade_id, levels_offered, is_active) VALUES (417, 129, 124, '["L3-5"]', true);
INSERT INTO school_trades (id, school_id, trade_id, levels_offered, is_active) VALUES (418, 141, 26, '["L3-5"]', true);
INSERT INTO school_trades (id, school_id, trade_id, levels_offered, is_active) VALUES (419, 141, 27, '["L1"]', true);
INSERT INTO school_trades (id, school_id, trade_id, levels_offered, is_active) VALUES (420, 152, 149, '["L3-5"]', true);
INSERT INTO school_trades (id, school_id, trade_id, levels_offered, is_active) VALUES (421, 152, 128, '["L3-5"]', true);
INSERT INTO school_trades (id, school_id, trade_id, levels_offered, is_active) VALUES (422, 161, 55, '["L3-5"]', true);
INSERT INTO school_trades (id, school_id, trade_id, levels_offered, is_active) VALUES (423, 161, 114, '["L3-5"]', true);
INSERT INTO school_trades (id, school_id, trade_id, levels_offered, is_active) VALUES (424, 161, 92, '["L3-5"]', true);
INSERT INTO school_trades (id, school_id, trade_id, levels_offered, is_active) VALUES (425, 170, 137, '["L3-5"]', true);
INSERT INTO school_trades (id, school_id, trade_id, levels_offered, is_active) VALUES (426, 170, 126, '["L3-5"]', true);
INSERT INTO school_trades (id, school_id, trade_id, levels_offered, is_active) VALUES (427, 179, 147, '["L3-5"]', true);
INSERT INTO school_trades (id, school_id, trade_id, levels_offered, is_active) VALUES (428, 179, 114, '["L3-5"]', true);
INSERT INTO school_trades (id, school_id, trade_id, levels_offered, is_active) VALUES (429, 179, 133, '["L3-"]', true);
INSERT INTO school_trades (id, school_id, trade_id, levels_offered, is_active) VALUES (430, 188, 83, '["L3-5"]', true);
INSERT INTO school_trades (id, school_id, trade_id, levels_offered, is_active) VALUES (431, 188, 140, '["L1"]', true);
INSERT INTO school_trades (id, school_id, trade_id, levels_offered, is_active) VALUES (432, 197, 114, '["L3-5"]', true);
INSERT INTO school_trades (id, school_id, trade_id, levels_offered, is_active) VALUES (433, 197, 47, '["L3-5"]', true);
INSERT INTO school_trades (id, school_id, trade_id, levels_offered, is_active) VALUES (434, 205, 83, '["L3-5"]', true);
INSERT INTO school_trades (id, school_id, trade_id, levels_offered, is_active) VALUES (435, 7, 69, '["L1"]', true);
INSERT INTO school_trades (id, school_id, trade_id, levels_offered, is_active) VALUES (436, 7, 95, '["L3-5"]', true);
INSERT INTO school_trades (id, school_id, trade_id, levels_offered, is_active) VALUES (437, 16, 140, '["L1"]', true);
INSERT INTO school_trades (id, school_id, trade_id, levels_offered, is_active) VALUES (438, 16, 148, '["L1"]', true);
INSERT INTO school_trades (id, school_id, trade_id, levels_offered, is_active) VALUES (439, 27, 140, '["L1"]', true);
INSERT INTO school_trades (id, school_id, trade_id, levels_offered, is_active) VALUES (440, 27, 58, '["L1"]', true);
INSERT INTO school_trades (id, school_id, trade_id, levels_offered, is_active) VALUES (441, 39, 140, '["L1"]', true);
INSERT INTO school_trades (id, school_id, trade_id, levels_offered, is_active) VALUES (442, 39, 105, '["L1"]', true);
INSERT INTO school_trades (id, school_id, trade_id, levels_offered, is_active) VALUES (443, 39, 67, '["L1"]', true);
INSERT INTO school_trades (id, school_id, trade_id, levels_offered, is_active) VALUES (444, 39, 117, '["L1"]', true);
INSERT INTO school_trades (id, school_id, trade_id, levels_offered, is_active) VALUES (445, 50, 2, '["L1"]', true);
INSERT INTO school_trades (id, school_id, trade_id, levels_offered, is_active) VALUES (446, 50, 6, '["L1"]', true);
INSERT INTO school_trades (id, school_id, trade_id, levels_offered, is_active) VALUES (447, 50, 22, '["L3-5"]', true);
INSERT INTO school_trades (id, school_id, trade_id, levels_offered, is_active) VALUES (448, 60, 74, '["L3-5"]', true);
INSERT INTO school_trades (id, school_id, trade_id, levels_offered, is_active) VALUES (449, 60, 51, '["L3-5"]', true);
INSERT INTO school_trades (id, school_id, trade_id, levels_offered, is_active) VALUES (450, 71, 41, '["L3-5"]', true);
INSERT INTO school_trades (id, school_id, trade_id, levels_offered, is_active) VALUES (451, 71, 44, '["L3-5"]', true);
INSERT INTO school_trades (id, school_id, trade_id, levels_offered, is_active) VALUES (452, 83, 114, '["L3-5"]', true);
INSERT INTO school_trades (id, school_id, trade_id, levels_offered, is_active) VALUES (453, 83, 55, '["L3-5"]', true);
INSERT INTO school_trades (id, school_id, trade_id, levels_offered, is_active) VALUES (454, 95, 51, '["L3-5"]', true);
INSERT INTO school_trades (id, school_id, trade_id, levels_offered, is_active) VALUES (455, 95, 95, '["L3-5"]', true);
INSERT INTO school_trades (id, school_id, trade_id, levels_offered, is_active) VALUES (456, 95, 74, '["L3-5"]', true);
INSERT INTO school_trades (id, school_id, trade_id, levels_offered, is_active) VALUES (457, 95, 108, '["L3-5"]', true);
INSERT INTO school_trades (id, school_id, trade_id, levels_offered, is_active) VALUES (458, 95, 137, '["L3-5"]', true);
INSERT INTO school_trades (id, school_id, trade_id, levels_offered, is_active) VALUES (459, 95, 149, '["L3-5"]', true);
INSERT INTO school_trades (id, school_id, trade_id, levels_offered, is_active) VALUES (460, 95, 114, '["L3-5"]', true);
INSERT INTO school_trades (id, school_id, trade_id, levels_offered, is_active) VALUES (461, 107, 140, '["L1"]', true);
INSERT INTO school_trades (id, school_id, trade_id, levels_offered, is_active) VALUES (462, 107, 105, '["L1"]', true);
INSERT INTO school_trades (id, school_id, trade_id, levels_offered, is_active) VALUES (463, 107, 148, '["L1"]', true);
INSERT INTO school_trades (id, school_id, trade_id, levels_offered, is_active) VALUES (464, 118, 115, '["L3-5"]', true);
INSERT INTO school_trades (id, school_id, trade_id, levels_offered, is_active) VALUES (465, 118, 48, '["L3-5"]', true);
INSERT INTO school_trades (id, school_id, trade_id, levels_offered, is_active) VALUES (466, 130, 51, '["L3-5"]', true);
INSERT INTO school_trades (id, school_id, trade_id, levels_offered, is_active) VALUES (467, 130, 124, '["L3-5"]', true);
INSERT INTO school_trades (id, school_id, trade_id, levels_offered, is_active) VALUES (468, 142, 146, '["L3-5"]', true);
INSERT INTO school_trades (id, school_id, trade_id, levels_offered, is_active) VALUES (469, 142, 41, '["L3-5"]', true);
INSERT INTO school_trades (id, school_id, trade_id, levels_offered, is_active) VALUES (470, 153, 74, '["L3-5"]', true);
INSERT INTO school_trades (id, school_id, trade_id, levels_offered, is_active) VALUES (471, 153, 84, '["L3-5"]', true);
INSERT INTO school_trades (id, school_id, trade_id, levels_offered, is_active) VALUES (472, 153, 149, '["L3-5"]', true);
INSERT INTO school_trades (id, school_id, trade_id, levels_offered, is_active) VALUES (473, 153, 114, '["L3-5"]', true);
INSERT INTO school_trades (id, school_id, trade_id, levels_offered, is_active) VALUES (474, 153, 132, '["L3-5"]', true);
INSERT INTO school_trades (id, school_id, trade_id, levels_offered, is_active) VALUES (475, 153, 53, '["L3-5"]', true);
INSERT INTO school_trades (id, school_id, trade_id, levels_offered, is_active) VALUES (476, 162, 51, '["L3-5"]', true);
INSERT INTO school_trades (id, school_id, trade_id, levels_offered, is_active) VALUES (477, 162, 74, '["L3-5"]', true);
INSERT INTO school_trades (id, school_id, trade_id, levels_offered, is_active) VALUES (478, 171, 83, '["L3-5"]', true);
INSERT INTO school_trades (id, school_id, trade_id, levels_offered, is_active) VALUES (479, 171, 47, '["L3-5"]', true);
INSERT INTO school_trades (id, school_id, trade_id, levels_offered, is_active) VALUES (480, 171, 121, '["L3-5"]', true);
INSERT INTO school_trades (id, school_id, trade_id, levels_offered, is_active) VALUES (481, 171, 63, '["L3-5"]', true);
INSERT INTO school_trades (id, school_id, trade_id, levels_offered, is_active) VALUES (482, 180, 93, '["L3-5"]', true);
INSERT INTO school_trades (id, school_id, trade_id, levels_offered, is_active) VALUES (483, 180, 95, '["L3-5"]', true);
INSERT INTO school_trades (id, school_id, trade_id, levels_offered, is_active) VALUES (484, 189, 154, '["L3-5"]', true);
INSERT INTO school_trades (id, school_id, trade_id, levels_offered, is_active) VALUES (485, 189, 58, '["L1"]', true);
INSERT INTO school_trades (id, school_id, trade_id, levels_offered, is_active) VALUES (486, 189, 148, '["L1"]', true);
INSERT INTO school_trades (id, school_id, trade_id, levels_offered, is_active) VALUES (487, 189, 111, '["L3-5"]', true);
INSERT INTO school_trades (id, school_id, trade_id, levels_offered, is_active) VALUES (488, 198, 41, '["L3-5"]', true);
INSERT INTO school_trades (id, school_id, trade_id, levels_offered, is_active) VALUES (489, 198, 44, '["L3-5"]', true);
INSERT INTO school_trades (id, school_id, trade_id, levels_offered, is_active) VALUES (490, 8, 140, '["L1"]', true);
INSERT INTO school_trades (id, school_id, trade_id, levels_offered, is_active) VALUES (491, 8, 105, '["L1"]', true);
INSERT INTO school_trades (id, school_id, trade_id, levels_offered, is_active) VALUES (492, 8, 58, '["L1"]', true);
INSERT INTO school_trades (id, school_id, trade_id, levels_offered, is_active) VALUES (493, 8, 148, '["L1"]', true);
INSERT INTO school_trades (id, school_id, trade_id, levels_offered, is_active) VALUES (494, 8, 68, '["L1"]', true);
INSERT INTO school_trades (id, school_id, trade_id, levels_offered, is_active) VALUES (495, 8, 51, '["L3-5"]', true);
INSERT INTO school_trades (id, school_id, trade_id, levels_offered, is_active) VALUES (496, 8, 96, '["L3-5"]', true);
INSERT INTO school_trades (id, school_id, trade_id, levels_offered, is_active) VALUES (497, 17, 14, '["L3-5"]', true);
INSERT INTO school_trades (id, school_id, trade_id, levels_offered, is_active) VALUES (498, 17, 80, '["L3-5"]', true);
INSERT INTO school_trades (id, school_id, trade_id, levels_offered, is_active) VALUES (499, 17, 143, '["L3-5"]', true);
INSERT INTO school_trades (id, school_id, trade_id, levels_offered, is_active) VALUES (500, 17, 137, '["L3-5"]', true);
INSERT INTO school_trades (id, school_id, trade_id, levels_offered, is_active) VALUES (501, 28, 34, '["L3-5"]', true);
INSERT INTO school_trades (id, school_id, trade_id, levels_offered, is_active) VALUES (502, 28, 51, '["L3-5"]', true);
INSERT INTO school_trades (id, school_id, trade_id, levels_offered, is_active) VALUES (503, 40, 83, '["L3-5"]', true);
INSERT INTO school_trades (id, school_id, trade_id, levels_offered, is_active) VALUES (504, 40, 51, '["L3-5"]', true);
INSERT INTO school_trades (id, school_id, trade_id, levels_offered, is_active) VALUES (505, 51, 39, '["L3-5"]', true);
INSERT INTO school_trades (id, school_id, trade_id, levels_offered, is_active) VALUES (506, 51, 37, '["L3-"]', true);
INSERT INTO school_trades (id, school_id, trade_id, levels_offered, is_active) VALUES (507, 51, 74, '["L3-5"]', true);
INSERT INTO school_trades (id, school_id, trade_id, levels_offered, is_active) VALUES (508, 61, 140, '["L1"]', true);
INSERT INTO school_trades (id, school_id, trade_id, levels_offered, is_active) VALUES (509, 61, 117, '["L1"]', true);
INSERT INTO school_trades (id, school_id, trade_id, levels_offered, is_active) VALUES (510, 61, 148, '["L1"]', true);
INSERT INTO school_trades (id, school_id, trade_id, levels_offered, is_active) VALUES (511, 61, 58, '["L1"]', true);
INSERT INTO school_trades (id, school_id, trade_id, levels_offered, is_active) VALUES (512, 61, 51, '["L3-5"]', true);
INSERT INTO school_trades (id, school_id, trade_id, levels_offered, is_active) VALUES (513, 61, 89, '["L3-5"]', true);
INSERT INTO school_trades (id, school_id, trade_id, levels_offered, is_active) VALUES (514, 72, 137, '["L3-5"]', true);
INSERT INTO school_trades (id, school_id, trade_id, levels_offered, is_active) VALUES (515, 72, 60, '["L3-5"]', true);
INSERT INTO school_trades (id, school_id, trade_id, levels_offered, is_active) VALUES (516, 72, 124, '["L3-5"]', true);
INSERT INTO school_trades (id, school_id, trade_id, levels_offered, is_active) VALUES (517, 72, 121, '["L3-5"]', true);
INSERT INTO school_trades (id, school_id, trade_id, levels_offered, is_active) VALUES (518, 84, 83, '["L3-5"]', true);
INSERT INTO school_trades (id, school_id, trade_id, levels_offered, is_active) VALUES (519, 84, 51, '["L3-5"]', true);
INSERT INTO school_trades (id, school_id, trade_id, levels_offered, is_active) VALUES (520, 84, 149, '["L3-5"]', true);
INSERT INTO school_trades (id, school_id, trade_id, levels_offered, is_active) VALUES (521, 84, 74, '["L3-5"]', true);
INSERT INTO school_trades (id, school_id, trade_id, levels_offered, is_active) VALUES (522, 84, 90, '["L3-5"]', true);
INSERT INTO school_trades (id, school_id, trade_id, levels_offered, is_active) VALUES (523, 84, 114, '["L3-5"]', true);
INSERT INTO school_trades (id, school_id, trade_id, levels_offered, is_active) VALUES (524, 84, 148, '["L1"]', true);
INSERT INTO school_trades (id, school_id, trade_id, levels_offered, is_active) VALUES (525, 84, 58, '["L1"]', true);
INSERT INTO school_trades (id, school_id, trade_id, levels_offered, is_active) VALUES (526, 84, 104, '["L1"]', true);
INSERT INTO school_trades (id, school_id, trade_id, levels_offered, is_active) VALUES (527, 96, 41, '["L3-5"]', true);
INSERT INTO school_trades (id, school_id, trade_id, levels_offered, is_active) VALUES (528, 96, 44, '["L4-5"]', true);
INSERT INTO school_trades (id, school_id, trade_id, levels_offered, is_active) VALUES (529, 96, 93, '["L3-5"]', true);
INSERT INTO school_trades (id, school_id, trade_id, levels_offered, is_active) VALUES (530, 96, 98, '["L3-5"]', true);
INSERT INTO school_trades (id, school_id, trade_id, levels_offered, is_active) VALUES (531, 108, 8, '["L3-5"]', true);
INSERT INTO school_trades (id, school_id, trade_id, levels_offered, is_active) VALUES (532, 108, 15, '["L3-5"]', true);
INSERT INTO school_trades (id, school_id, trade_id, levels_offered, is_active) VALUES (533, 108, 153, '["L3-5"]', true);
INSERT INTO school_trades (id, school_id, trade_id, levels_offered, is_active) VALUES (534, 119, 1, '["L3-5"]', true);
INSERT INTO school_trades (id, school_id, trade_id, levels_offered, is_active) VALUES (535, 119, 34, '["L3-5"]', true);
INSERT INTO school_trades (id, school_id, trade_id, levels_offered, is_active) VALUES (536, 131, 36, '["L3-5"]', true);
INSERT INTO school_trades (id, school_id, trade_id, levels_offered, is_active) VALUES (537, 143, 140, '["L1"]', true);
INSERT INTO school_trades (id, school_id, trade_id, levels_offered, is_active) VALUES (538, 154, 140, '["L1"]', true);
INSERT INTO school_trades (id, school_id, trade_id, levels_offered, is_active) VALUES (539, 154, 117, '["L1"]', true);
INSERT INTO school_trades (id, school_id, trade_id, levels_offered, is_active) VALUES (540, 154, 148, '["L1"]', true);
INSERT INTO school_trades (id, school_id, trade_id, levels_offered, is_active) VALUES (541, 154, 111, '["L3-5"]', true);
INSERT INTO school_trades (id, school_id, trade_id, levels_offered, is_active) VALUES (542, 163, 95, '["L3-5"]', true);
INSERT INTO school_trades (id, school_id, trade_id, levels_offered, is_active) VALUES (543, 163, 93, '["L3-5"]', true);
INSERT INTO school_trades (id, school_id, trade_id, levels_offered, is_active) VALUES (544, 172, 74, '["L3-5"]', true);
INSERT INTO school_trades (id, school_id, trade_id, levels_offered, is_active) VALUES (545, 172, 51, '["L3-5"]', true);
INSERT INTO school_trades (id, school_id, trade_id, levels_offered, is_active) VALUES (546, 181, 132, '["L3-5"]', true);
INSERT INTO school_trades (id, school_id, trade_id, levels_offered, is_active) VALUES (547, 181, 51, '["L3-5"]', true);
INSERT INTO school_trades (id, school_id, trade_id, levels_offered, is_active) VALUES (548, 190, 140, '["L1"]', true);
INSERT INTO school_trades (id, school_id, trade_id, levels_offered, is_active) VALUES (549, 199, 108, '["L3-5"]', true);
INSERT INTO school_trades (id, school_id, trade_id, levels_offered, is_active) VALUES (550, 199, 52, '["L3-5"]', true);
INSERT INTO school_trades (id, school_id, trade_id, levels_offered, is_active) VALUES (551, 9, 47, '["L3-5"]', true);
INSERT INTO school_trades (id, school_id, trade_id, levels_offered, is_active) VALUES (552, 9, 114, '["L3-5"]', true);
INSERT INTO school_trades (id, school_id, trade_id, levels_offered, is_active) VALUES (553, 18, 60, '["L3-5"]', true);
INSERT INTO school_trades (id, school_id, trade_id, levels_offered, is_active) VALUES (554, 18, 137, '["L3-5"]', true);
INSERT INTO school_trades (id, school_id, trade_id, levels_offered, is_active) VALUES (555, 18, 51, '["L3-5"]', true);
INSERT INTO school_trades (id, school_id, trade_id, levels_offered, is_active) VALUES (556, 18, 81, '["L3-5"]', true);
INSERT INTO school_trades (id, school_id, trade_id, levels_offered, is_active) VALUES (557, 29, 105, '["L1"]', true);
INSERT INTO school_trades (id, school_id, trade_id, levels_offered, is_active) VALUES (558, 29, 68, '["L3-5"]', true);
INSERT INTO school_trades (id, school_id, trade_id, levels_offered, is_active) VALUES (559, 29, 148, '["L1"]', true);
INSERT INTO school_trades (id, school_id, trade_id, levels_offered, is_active) VALUES (560, 29, 117, '["L1"]', true);
INSERT INTO school_trades (id, school_id, trade_id, levels_offered, is_active) VALUES (561, 41, 137, '["L3-5"]', true);
INSERT INTO school_trades (id, school_id, trade_id, levels_offered, is_active) VALUES (562, 41, 95, '["L3-5"]', true);
INSERT INTO school_trades (id, school_id, trade_id, levels_offered, is_active) VALUES (563, 41, 51, '["L3-5"]', true);
INSERT INTO school_trades (id, school_id, trade_id, levels_offered, is_active) VALUES (564, 41, 60, '["L3-5"]', true);
INSERT INTO school_trades (id, school_id, trade_id, levels_offered, is_active) VALUES (565, 41, 144, '["L3-5"]', true);
INSERT INTO school_trades (id, school_id, trade_id, levels_offered, is_active) VALUES (566, 52, 9, '["L1"]', true);
INSERT INTO school_trades (id, school_id, trade_id, levels_offered, is_active) VALUES (567, 52, 7, '["L3-5"]', true);
INSERT INTO school_trades (id, school_id, trade_id, levels_offered, is_active) VALUES (568, 52, 17, '["L1"]', true);
INSERT INTO school_trades (id, school_id, trade_id, levels_offered, is_active) VALUES (569, 52, 3, '["L3-5"]', true);
INSERT INTO school_trades (id, school_id, trade_id, levels_offered, is_active) VALUES (570, 52, 32, '["L3-5"]', true);
INSERT INTO school_trades (id, school_id, trade_id, levels_offered, is_active) VALUES (571, 52, 12, '["L1"]', true);
INSERT INTO school_trades (id, school_id, trade_id, levels_offered, is_active) VALUES (572, 52, 29, '["L3-5"]', true);
INSERT INTO school_trades (id, school_id, trade_id, levels_offered, is_active) VALUES (573, 52, 19, '["L3-5"]', true);
INSERT INTO school_trades (id, school_id, trade_id, levels_offered, is_active) VALUES (574, 62, 140, '["L1"]', true);
INSERT INTO school_trades (id, school_id, trade_id, levels_offered, is_active) VALUES (575, 62, 105, '["L1"]', true);
INSERT INTO school_trades (id, school_id, trade_id, levels_offered, is_active) VALUES (576, 62, 68, '["L1"]', true);
INSERT INTO school_trades (id, school_id, trade_id, levels_offered, is_active) VALUES (577, 73, 140, '["L1"]', true);
INSERT INTO school_trades (id, school_id, trade_id, levels_offered, is_active) VALUES (578, 73, 104, '["L1"]', true);
INSERT INTO school_trades (id, school_id, trade_id, levels_offered, is_active) VALUES (579, 85, 66, '["L3-5"]', true);
INSERT INTO school_trades (id, school_id, trade_id, levels_offered, is_active) VALUES (580, 85, 144, '["L3-5"]', true);
INSERT INTO school_trades (id, school_id, trade_id, levels_offered, is_active) VALUES (581, 85, 123, '["L3-5"]', true);
INSERT INTO school_trades (id, school_id, trade_id, levels_offered, is_active) VALUES (582, 85, 55, '["L3-5"]', true);
INSERT INTO school_trades (id, school_id, trade_id, levels_offered, is_active) VALUES (583, 85, 74, '["L3-5"]', true);
INSERT INTO school_trades (id, school_id, trade_id, levels_offered, is_active) VALUES (584, 85, 49, '["L3-5"]', true);
INSERT INTO school_trades (id, school_id, trade_id, levels_offered, is_active) VALUES (585, 97, 25, '["L3-5"]', true);
INSERT INTO school_trades (id, school_id, trade_id, levels_offered, is_active) VALUES (586, 97, 8, '["L3-5"]', true);
INSERT INTO school_trades (id, school_id, trade_id, levels_offered, is_active) VALUES (587, 97, 144, '["L3-5"]', true);
INSERT INTO school_trades (id, school_id, trade_id, levels_offered, is_active) VALUES (588, 109, 140, '["L1"]', true);
INSERT INTO school_trades (id, school_id, trade_id, levels_offered, is_active) VALUES (589, 120, 140, '["L1"]', true);
INSERT INTO school_trades (id, school_id, trade_id, levels_offered, is_active) VALUES (590, 120, 68, '["L1"]', true);
INSERT INTO school_trades (id, school_id, trade_id, levels_offered, is_active) VALUES (591, 132, 137, '["L3-5"]', true);
INSERT INTO school_trades (id, school_id, trade_id, levels_offered, is_active) VALUES (592, 132, 59, '["L2"]', true);
INSERT INTO school_trades (id, school_id, trade_id, levels_offered, is_active) VALUES (593, 144, 30, '["L1"]', true);
INSERT INTO school_trades (id, school_id, trade_id, levels_offered, is_active) VALUES (594, 144, 5, '["L3-5"]', true);
INSERT INTO school_trades (id, school_id, trade_id, levels_offered, is_active) VALUES (595, 144, 33, '["L1"]', true);
INSERT INTO school_trades (id, school_id, trade_id, levels_offered, is_active) VALUES (596, 144, 13, '["L1"]', true);
INSERT INTO school_trades (id, school_id, trade_id, levels_offered, is_active) VALUES (597, 155, 144, '["L3-5"]', true);
INSERT INTO school_trades (id, school_id, trade_id, levels_offered, is_active) VALUES (598, 155, 139, '["L3-5"]', true);
INSERT INTO school_trades (id, school_id, trade_id, levels_offered, is_active) VALUES (599, 155, 127, '["L3-5"]', true);
INSERT INTO school_trades (id, school_id, trade_id, levels_offered, is_active) VALUES (600, 164, 104, '["L1"]', true);
INSERT INTO school_trades (id, school_id, trade_id, levels_offered, is_active) VALUES (601, 164, 69, '["L3-5"]', true);
INSERT INTO school_trades (id, school_id, trade_id, levels_offered, is_active) VALUES (602, 173, 55, '["L3-5"]', true);
INSERT INTO school_trades (id, school_id, trade_id, levels_offered, is_active) VALUES (603, 173, 135, '["L3-5"]', true);
INSERT INTO school_trades (id, school_id, trade_id, levels_offered, is_active) VALUES (604, 173, 126, '["L3-5"]', true);
INSERT INTO school_trades (id, school_id, trade_id, levels_offered, is_active) VALUES (605, 173, 76, '["L3-5"]', true);
INSERT INTO school_trades (id, school_id, trade_id, levels_offered, is_active) VALUES (606, 173, 49, '["L3-5"]', true);
INSERT INTO school_trades (id, school_id, trade_id, levels_offered, is_active) VALUES (607, 173, 116, '["L3-5"]', true);
INSERT INTO school_trades (id, school_id, trade_id, levels_offered, is_active) VALUES (608, 173, 79, '["L3-5"]', true);
INSERT INTO school_trades (id, school_id, trade_id, levels_offered, is_active) VALUES (609, 182, 140, '["L1"]', true);
INSERT INTO school_trades (id, school_id, trade_id, levels_offered, is_active) VALUES (610, 182, 105, '["L1"]', true);
INSERT INTO school_trades (id, school_id, trade_id, levels_offered, is_active) VALUES (611, 191, 49, '["L3-5"]', true);
INSERT INTO school_trades (id, school_id, trade_id, levels_offered, is_active) VALUES (612, 191, 116, '["L3-5"]', true);
INSERT INTO school_trades (id, school_id, trade_id, levels_offered, is_active) VALUES (613, 191, 73, '["L1"]', true);
INSERT INTO school_trades (id, school_id, trade_id, levels_offered, is_active) VALUES (614, 191, 58, '["L1"]', true);
INSERT INTO school_trades (id, school_id, trade_id, levels_offered, is_active) VALUES (615, 191, 148, '["L1"]', true);
INSERT INTO school_trades (id, school_id, trade_id, levels_offered, is_active) VALUES (616, 191, 140, '["L1"]', true);
INSERT INTO school_trades (id, school_id, trade_id, levels_offered, is_active) VALUES (617, 200, 140, '["L1"]', true);
INSERT INTO school_trades (id, school_id, trade_id, levels_offered, is_active) VALUES (618, 200, 105, '["L1"]', true);
INSERT INTO school_trades (id, school_id, trade_id, levels_offered, is_active) VALUES (619, 206, 137, '["L3-5"]', true);
INSERT INTO school_trades (id, school_id, trade_id, levels_offered, is_active) VALUES (620, 206, 144, '["L3-5"]', true);
INSERT INTO school_trades (id, school_id, trade_id, levels_offered, is_active) VALUES (621, 206, 97, '["L3-5"]', true);

COMMIT;
